title,artist,date,revenue,total_streams,content_name,view_cnt,like_cnt,comment_cnt,type
비밀번호 486,윤하 (Younha),2025.4.1,5.778,19472,,,,,
비밀번호 486,윤하 (Younha),2025.4.2,9.566,21139,,,,,
비밀번호 486,윤하 (Younha),2025.4.3,7.735,20446,,,,,
비밀번호 486,윤하 (Younha),2025.4.4,5.934,21268,,,,,
비밀번호 486,윤하 (Younha),2025.4.5,5.855,22388,,,,,
비밀번호 486,윤하 (Younha),2025.4.6,8.156,19217,,,,,
비밀번호 486,윤하 (Younha),2025.4.7,26.239,36761,,,,,
비밀번호 486,윤하 (Younha),2025.4.8,44.225,35080,,,,,
비밀번호 486,윤하 (Younha),2025.4.9,43.579,32047,,,,,
비밀번호 486,윤하 (Younha),2025.4.10,48.906,34370,,,,,
비밀번호 486,윤하 (Younha),2025.4.11,51.111,35894,,,,,
비밀번호 486,윤하 (Younha),2025.4.12,51.397,31874,,,,,
비밀번호 486,윤하 (Younha),2025.4.13,60.156,31592,,,,,
비밀번호 486,윤하 (Younha),2025.4.14,66.536,37971,,,,,
비밀번호 486,윤하 (Younha),2025.4.15,67.169,34899,,,,,
비밀번호 486,윤하 (Younha),2025.4.16,80.766,36643,,,,,
비밀번호 486,윤하 (Younha),2025.4.17,78.434,36666,,,,,
비밀번호 486,윤하 (Younha),2025.4.18,68.907,34486,,,,,
비밀번호 486,윤하 (Younha),2025.4.19,76.544,33352,,,,,
비밀번호 486,윤하 (Younha),2025.4.20,88.683,37325,,,,,
비밀번호 486,윤하 (Younha),2025.4.21,87.75,38977,,,,,
비밀번호 486,윤하 (Younha),2025.4.22,85.072,38669,,,,,
비밀번호 486,윤하 (Younha),2025.4.23,98.225,43409,,,,,
비밀번호 486,윤하 (Younha),2025.4.24,109.315,43380,,,,,
비밀번호 486,윤하 (Younha),2025.4.25,147.667,49393,,,,,
비밀번호 486,윤하 (Younha),2025.4.26,116.078,38992,,,,,
비밀번호 486,윤하 (Younha),2025.4.27,96.756,35461,,,,,
비밀번호 486,윤하 (Younha),2025.4.28,100.705,39110,,,,,
비밀번호 486,윤하 (Younha),2025.4.29,108.827,39953,,,,,
비밀번호 486,윤하 (Younha),2025.4.30,99.996,37002,,,,,
비밀번호 486,윤하 (Younha),2025.5.1,110.489,48200,,,,,
비밀번호 486,윤하 (Younha),2025.5.2,146.741,53858,,,,,
비밀번호 486,윤하 (Younha),2025.5.3,180.862,54550,,,,,
비밀번호 486,윤하 (Younha),2025.5.4,177.842,51146,,,,,
비밀번호 486,윤하 (Younha),2025.5.5,155.921,46077,,,,,
비밀번호 486,윤하 (Younha),2025.5.6,157.582,47789,,,,,
비밀번호 486,윤하 (Younha),2025.5.7,140.581,44554,,,,,
비밀번호 486,윤하 (Younha),2025.5.8,177.647,55723,,,,,
비밀번호 486,윤하 (Younha),2025.5.9,196.287,59152,,,,,
비밀번호 486,윤하 (Younha),2025.5.10,180.71,51881,,,,,
비밀번호 486,윤하 (Younha),2025.5.11,157.205,49621,,,,,
비밀번호 486,윤하 (Younha),2025.5.12,141.887,62061,,,,,
비밀번호 486,윤하 (Younha),2025.5.13,169.996,66229,,,,,
비밀번호 486,윤하 (Younha),2025.5.14,176.284,66942,,,,,
비밀번호 486,윤하 (Younha),2025.5.15,159.776,59406,,,,,
비밀번호 486,윤하 (Younha),2025.5.16,132.401,55228,,,,,
비밀번호 486,윤하 (Younha),2025.5.17,118.68,49754,,,,,
비밀번호 486,윤하 (Younha),2025.5.18,124.886,49492,,,,,
비밀번호 486,윤하 (Younha),2025.5.19,123.472,51510,,,,,
비밀번호 486,윤하 (Younha),2025.5.20,117.929,51728,,,,,
비밀번호 486,윤하 (Younha),2025.5.21,99.012,46693,,,,,
비밀번호 486,윤하 (Younha),2025.5.22,86.283,42836,,,,,
비밀번호 486,윤하 (Younha),2025.5.23,115.584,49724,,,,,
비밀번호 486,윤하 (Younha),2025.5.24,110.995,45590,,,,,
비밀번호 486,윤하 (Younha),2025.5.25,89.629,39502,,,,,
비밀번호 486,윤하 (Younha),2025.5.26,95.142,43059,,,,,
비밀번호 486,윤하 (Younha),2025.5.27,111.166,44795,,,,,
비밀번호 486,윤하 (Younha),2025.5.28,103.627,41658,,,,,
비밀번호 486,윤하 (Younha),2025.5.29,112.408,45755,,,,,
비밀번호 486,윤하 (Younha),2025.5.30,116.665,47138,,,,,
비밀번호 486,윤하 (Younha),2025.5.31,100.821,40999,,,,,
비밀번호 486,윤하 (Younha),2025.6.1,96.401,38613,,,,,
비밀번호 486,윤하 (Younha),2025.6.2,111.187,41852,,,,,
비밀번호 486,윤하 (Younha),2025.6.3,117.888,41567,,,,,
비밀번호 486,윤하 (Younha),2025.6.4,114.34,42505,,,,,
비밀번호 486,윤하 (Younha),2025.6.5,149.873,52249,,,,,
비밀번호 486,윤하 (Younha),2025.6.6,147.076,50026,,,,,
비밀번호 486,윤하 (Younha),2025.6.7,153.455,49551,,,,,
비밀번호 486,윤하 (Younha),2025.6.8,156.506,49673,,,,,
비밀번호 486,윤하 (Younha),2025.6.9,116.259,44774,,,,,
비밀번호 486,윤하 (Younha),2025.6.10,129.61,45911,,,,,
비밀번호 486,윤하 (Younha),2025.6.11,120.727,43547,,,,,
비밀번호 486,윤하 (Younha),2025.6.12,115.29,46052,,,,,
비밀번호 486,윤하 (Younha),2025.6.13,119.926,47785,,,,,
비밀번호 486,윤하 (Younha),2025.6.14,124.346,44922,,,,,
비밀번호 486,윤하 (Younha),2025.6.15,117.062,43524,,,,,
비밀번호 486,윤하 (Younha),2025.6.16,115.587,46776,,,,,
비밀번호 486,윤하 (Younha),2025.6.17,98.079,42801,,,,,
비밀번호 486,윤하 (Younha),2025.6.18,101.259,42491,,,,,
비밀번호 486,윤하 (Younha),2025.6.19,129.912,49206,,,,,
비밀번호 486,윤하 (Younha),2025.6.20,128.893,48222,,,,,
비밀번호 486,윤하 (Younha),2025.6.21,120.255,46027,,,,,
비밀번호 486,윤하 (Younha),2025.6.22,106.771,41277,,,,,
비밀번호 486,윤하 (Younha),2025.6.23,98.378,40074,,,,,
비밀번호 486,윤하 (Younha),2025.6.24,86.13,37410,,,,,
비밀번호 486,윤하 (Younha),2025.6.25,86.132,36502,,,,,
비밀번호 486,윤하 (Younha),2025.6.26,102.365,40825,,,,,
비밀번호 486,윤하 (Younha),2025.6.27,98.813,39206,,,,,
비밀번호 486,윤하 (Younha),2025.6.28,100.568,39007,,,,,
비밀번호 486,윤하 (Younha),2025.6.29,103.963,38306,,,,,
비밀번호 486,윤하 (Younha),2025.6.30,109.523,40260,,,,,
비밀번호 486,윤하 (Younha),2025.7.1,103.384,39253,,,,,
비밀번호 486,윤하 (Younha),2025.7.2,95.787,37045,,,,,
비밀번호 486,윤하 (Younha),2025.7.3,89.565,37406,,,,,
비밀번호 486,윤하 (Younha),2025.7.4,99.868,39510,,,,,
비밀번호 486,윤하 (Younha),2025.7.5,126.354,43682,,,,,
비밀번호 486,윤하 (Younha),2025.7.6,114.294,39957,,,,,
비밀번호 486,윤하 (Younha),2025.7.7,104.469,39209,,,,,
비밀번호 486,윤하 (Younha),2025.7.8,95.598,36234,,,,,
비밀번호 486,윤하 (Younha),2025.7.9,90.559,34655,,,,,
비밀번호 486,윤하 (Younha),2025.7.10,90.034,36772,,,,,
비밀번호 486,윤하 (Younha),2025.7.11,86.299,37999,,,,,
비밀번호 486,윤하 (Younha),2025.7.12,97.043,35763,,,,,
비밀번호 486,윤하 (Younha),2025.7.13,86.689,33935,,,,,
비밀번호 486,윤하 (Younha),2025.7.14,75.259,32093,,,,,
비밀번호 486,윤하 (Younha),2025.7.15,85.378,36720,,,,,
비밀번호 486,윤하 (Younha),2025.7.16,81.698,36912,,,,,
비밀번호 486,윤하 (Younha),2025.7.17,76.736,35483,,,,,
비밀번호 486,윤하 (Younha),2025.7.18,82.17,37388,,,,,
비밀번호 486,윤하 (Younha),2025.7.19,92.515,36971,,,,,
비밀번호 486,윤하 (Younha),2025.7.20,89.714,35083,,,,,
비밀번호 486,윤하 (Younha),2025.7.21,80.278,57042,,,,,
비밀번호 486,윤하 (Younha),2025.7.22,80.345,48139,떨려도 일단 지르는 고3 기개,"495,600","25,300",66,수급
비밀번호 486,윤하 (Younha),2025.7.23,113.807,69650,,,,,
비밀번호 486,윤하 (Younha),2025.7.24,106.515,71281,,,,,
비밀번호 486,윤하 (Younha),2025.7.25,107.941,72802,,,,,
비밀번호 486,윤하 (Younha),2025.7.26,121.716,63788,,,,,
비밀번호 486,윤하 (Younha),2025.7.27,121.396,76386,,,,,
비밀번호 486,윤하 (Younha),2025.7.28,108.683,63066,,,,,
비밀번호 486,윤하 (Younha),2025.7.29,105.929,56995,,,,,
비밀번호 486,윤하 (Younha),2025.7.30,107.069,51326,,,,,
비밀번호 486,윤하 (Younha),2025.7.31,106.311,48567,,,,,
비밀번호 486,윤하 (Younha),2025.8.1,77.151,38103,,,,,
비밀번호 486,윤하 (Younha),2025.8.2,126.643,45696,,,,,
비밀번호 486,윤하 (Younha),2025.8.3,93.574,41830,,,,,
비밀번호 486,윤하 (Younha),2025.8.4,100.588,43122,,,,,
비밀번호 486,윤하 (Younha),2025.8.5,109.916,45775,,,,,
비밀번호 486,윤하 (Younha),2025.8.6,107.579,45348,,,,,
비밀번호 486,윤하 (Younha),2025.8.7,127.463,51167,,,,,
비밀번호 486,윤하 (Younha),2025.8.8,132.377,52051,,,,,
비밀번호 486,윤하 (Younha),2025.8.9,124.369,46538,,,,,
비밀번호 486,윤하 (Younha),2025.8.10,112.787,44336,,,,,
비밀번호 486,윤하 (Younha),2025.8.11,111.938,44709,,,,,
비밀번호 486,윤하 (Younha),2025.8.12,105.682,44492,,,,,
비밀번호 486,윤하 (Younha),2025.8.13,99.616,48245,,,,,
비밀번호 486,윤하 (Younha),2025.8.14,105.236,48402,,,,,
비밀번호 486,윤하 (Younha),2025.8.15,121.233,44654,,,,,
비밀번호 486,윤하 (Younha),2025.8.16,119.619,43877,,,,,
비밀번호 486,윤하 (Younha),2025.8.17,100.62,42690,,,,,
비밀번호 486,윤하 (Younha),2025.8.18,109.658,49744,,,,,
비밀번호 486,윤하 (Younha),2025.8.19,118.75,51371,,,,,
비밀번호 486,윤하 (Younha),2025.8.20,115.428,53292,,,,,
비밀번호 486,윤하 (Younha),2025.8.21,116.864,61713,,,,,
비밀번호 486,윤하 (Younha),2025.8.22,136.903,66805,,,,,
비밀번호 486,윤하 (Younha),2025.8.23,131.144,56692,,,,,
비밀번호 486,윤하 (Younha),2025.8.24,116.599,52442,,,,,
비밀번호 486,윤하 (Younha),2025.8.25,113.496,55211,,,,,
비밀번호 486,윤하 (Younha),2025.8.26,126.951,63051,,,,,
비밀번호 486,윤하 (Younha),2025.8.27,125.419,60474,,,,,
비밀번호 486,윤하 (Younha),2025.8.28,121.867,58733,,,,,
비밀번호 486,윤하 (Younha),2025.8.29,140.171,65005,,,,,
비밀번호 486,윤하 (Younha),2025.8.30,144.391,58437,,,,,
비밀번호 486,윤하 (Younha),2025.8.31,117.684,53747,,,,,
비밀번호 486,윤하 (Younha),2025.9.1,105.894,54504,,,,,
비밀번호 486,윤하 (Younha),2025.9.2,113.272,57247,,,,,
비밀번호 486,윤하 (Younha),2025.9.3,129.313,60267,,,,,
비밀번호 486,윤하 (Younha),2025.9.4,124.171,59742,,,,,
비밀번호 486,윤하 (Younha),2025.9.5,124.487,59833,,,,,
비밀번호 486,윤하 (Younha),2025.9.6,125.944,52357,,,,,
비밀번호 486,윤하 (Younha),2025.9.7,103.436,48121,,,,,
비밀번호 486,윤하 (Younha),2025.9.8,105.691,49002,,,,,
비밀번호 486,윤하 (Younha),2025.9.9,118.654,55389,,,,,
비밀번호 486,윤하 (Younha),2025.9.10,117.645,51100,,,,,
비밀번호 486,윤하 (Younha),2025.9.11,116.219,69465,,,,,
비밀번호 486,윤하 (Younha),2025.9.12,118.656,52686,,,,,
비밀번호 486,윤하 (Younha),2025.9.13,120.082,47443,,,,,
비밀번호 486,윤하 (Younha),2025.9.14,121.742,48367,,,,,
비밀번호 486,윤하 (Younha),2025.9.15,109.486,46737,,,,,
비밀번호 486,윤하 (Younha),2025.9.16,110.961,47401,,,,,
비밀번호 486,윤하 (Younha),2025.9.17,118.553,48794,,,,,
비밀번호 486,윤하 (Younha),2025.9.18,119.406,54367,,,,,
비밀번호 486,윤하 (Younha),2025.9.19,126.724,55848,,,,,
비밀번호 486,윤하 (Younha),2025.9.20,111.857,47926,,,,,
비밀번호 486,윤하 (Younha),2025.9.21,118.099,49373,,,,,
비밀번호 486,윤하 (Younha),2025.9.22,107.783,50656,,,,,
비밀번호 486,윤하 (Younha),2025.9.23,110.718,49099,,,,,
비밀번호 486,윤하 (Younha),2025.9.24,110.027,49973,,,,,
비밀번호 486,윤하 (Younha),2025.9.25,121.505,52066,,,,,
비밀번호 486,윤하 (Younha),2025.9.26,135.682,54132,,,,,
비밀번호 486,윤하 (Younha),2025.9.27,141.328,49356,,,,,
비밀번호 486,윤하 (Younha),2025.9.28,125.406,47035,,,,,
비밀번호 486,윤하 (Younha),2025.9.29,96.061,44153,,,,,
비밀번호 486,윤하 (Younha),2025.9.30,104.793,45861,,,,,
비밀번호 486,윤하 (Younha),2025.10.1,116.825,50380,,,,,
비밀번호 486,윤하 (Younha),2025.10.2,103.573,47910,,,,,
비밀번호 486,윤하 (Younha),2025.10.3,114.762,49942,,,,,
비밀번호 486,윤하 (Younha),2025.10.4,130.252,52035,,,,,
비밀번호 486,윤하 (Younha),2025.10.5,115.912,45714,,,,,
비밀번호 486,윤하 (Younha),2025.10.6,128.477,45900,,,,,
비밀번호 486,윤하 (Younha),2025.10.7,120.476,46059,,,,,
비밀번호 486,윤하 (Younha),2025.10.8,129.215,48841,,,,,
비밀번호 486,윤하 (Younha),2025.10.9,94.796,42637,,,,,
비밀번호 486,윤하 (Younha),2025.10.10,113.806,47264,,,,,
비밀번호 486,윤하 (Younha),2025.10.11,110.3,46873,,,,,
비밀번호 486,윤하 (Younha),2025.10.12,110.164,43954,,,,,
비밀번호 486,윤하 (Younha),2025.10.13,127.172,47572,,,,,
비밀번호 486,윤하 (Younha),2025.10.14,104.076,43635,,,,,
비밀번호 486,윤하 (Younha),2025.10.15,118.971,46494,,,,,
비밀번호 486,윤하 (Younha),2025.10.16,118.84,47511,,,,,
비밀번호 486,윤하 (Younha),2025.10.17,111.297,47615,,,,,
비밀번호 486,윤하 (Younha),2025.10.18,102.586,41985,,,,,
비밀번호 486,윤하 (Younha),2025.10.19,98.862,40589,,,,,
비밀번호 486,윤하 (Younha),2025.10.20,100.995,40359,,,,,
비밀번호 486,윤하 (Younha),2025.10.21,95.599,40582,,,,,
비밀번호 486,윤하 (Younha),2025.10.22,100.71,40518,,,,,
비밀번호 486,윤하 (Younha),2025.10.23,106.936,43167,,,,,
비밀번호 486,윤하 (Younha),2025.10.24,128.022,49320,,,,,
비밀번호 486,윤하 (Younha),2025.10.25,124.963,44696,,,,,
비밀번호 486,윤하 (Younha),2025.10.26,91.517,37349,,,,,
비밀번호 486,윤하 (Younha),2025.10.27,96.043,38583,,,,,
비밀번호 486,윤하 (Younha),2025.10.28,100.115,39754,,,,,
비밀번호 486,윤하 (Younha),2025.10.29,82.319,35361,,,,,
비밀번호 486,윤하 (Younha),2025.10.30,88.66,37308,,,,,
비밀번호 486,윤하 (Younha),2025.10.31,83.799,37289,,,,,
비밀번호 486,윤하 (Younha),2025.11.1,109.923,41967,,,,,
비밀번호 486,윤하 (Younha),2025.11.2,89.362,37341,,,,,
비밀번호 486,윤하 (Younha),2025.11.3,73.44,34120,,,,,
비밀번호 486,윤하 (Younha),2025.11.4,81.606,39466,,,,,
비밀번호 486,윤하 (Younha),2025.11.5,77.837,42017,,,,,
비밀번호 486,윤하 (Younha),2025.11.6,70.114,38679,,,,,
비밀번호 486,윤하 (Younha),2025.11.7,88.792,42916,,,,,
비밀번호 486,윤하 (Younha),2025.11.8,85.601,38194,,,,,
비밀번호 486,윤하 (Younha),2025.11.9,79.788,33497,,,,,
비밀번호 486,윤하 (Younha),2025.11.10,85.871,36754,,,,,
비밀번호 486,윤하 (Younha),2025.11.11,95.757,39202,,,,,
비밀번호 486,윤하 (Younha),2025.11.12,75.763,34393,,,,,
비밀번호 486,윤하 (Younha),2025.11.13,99.943,61802,,,,,
비밀번호 486,윤하 (Younha),2025.11.14,131.306,49324,,,,,
비밀번호 486,윤하 (Younha),2025.11.15,117.375,43590,,,,,
비밀번호 486,윤하 (Younha),2025.11.16,136.195,43724,,,,,
비밀번호 486,윤하 (Younha),2025.11.17,117.678,45070,,,,,
비밀번호 486,윤하 (Younha),2025.11.18,104.915,39549,,,,,
비밀번호 486,윤하 (Younha),2025.11.19,120.245,43120,,,,,
비밀번호 486,윤하 (Younha),2025.11.20,118.142,42787,,,,,
비밀번호 486,윤하 (Younha),2025.11.21,127.207,45930,,,,,
비밀번호 486,윤하 (Younha),2025.11.22,128.749,43485,,,,,
비밀번호 486,윤하 (Younha),2025.11.23,111.9,39055,,,,,
비밀번호 486,윤하 (Younha),2025.11.24,104.403,39099,,,,,
비밀번호 486,윤하 (Younha),2025.11.25,104.074,39347,,,,,
비밀번호 486,윤하 (Younha),2025.11.26,94.195,37339,,,,,
비밀번호 486,윤하 (Younha),2025.11.27,94.31,39181,,,,,
비밀번호 486,윤하 (Younha),2025.11.28,106.45,42045,,,,,
비밀번호 486,윤하 (Younha),2025.11.29,112.702,40142,,,,,
비밀번호 486,윤하 (Younha),2025.11.30,92.196,35473,,,,,
비밀번호 486,윤하 (Younha),2025.12.1,77.747,35632,,,,,
비밀번호 486,윤하 (Younha),2025.12.2,73.028,32039,,,,,
비밀번호 486,윤하 (Younha),2025.12.3,76.584,32248,,,,,
비밀번호 486,윤하 (Younha),2025.12.4,82.788,34168,,,,,
비밀번호 486,윤하 (Younha),2025.12.5,89.787,37612,,,,,
비밀번호 486,윤하 (Younha),2025.12.6,98.992,37134,,,,,
비밀번호 486,윤하 (Younha),2025.12.7,84.856,33678,,,,,
비밀번호 486,윤하 (Younha),2025.12.8,77.646,33118,,,,,
비밀번호 486,윤하 (Younha),2025.12.9,78.294,33695,,,,,
비밀번호 486,윤하 (Younha),2025.12.10,89.281,34276,,,,,
비밀번호 486,윤하 (Younha),2025.12.11,89.57,34158,,,,,
비밀번호 486,윤하 (Younha),2025.12.12,91.97,35731,,,,,
비밀번호 486,윤하 (Younha),2025.12.13,96.022,32189,,,,,
비밀번호 486,윤하 (Younha),2025.12.14,87.002,34523,,,,,
비밀번호 486,윤하 (Younha),2025.12.15,81.128,35175,,,,,
비밀번호 486,윤하 (Younha),2025.12.16,83.21,36142,,,,,
비밀번호 486,윤하 (Younha),2025.12.17,86.62,36665,,,,,
비밀번호 486,윤하 (Younha),2025.12.18,94.35,38421,,,,,
비밀번호 486,윤하 (Younha),2025.12.19,97.201,39272,,,,,
비밀번호 486,윤하 (Younha),2025.12.20,100.035,36457,,,,,
비밀번호 486,윤하 (Younha),2025.12.21,92.73,34204,,,,,
비밀번호 486,윤하 (Younha),2025.12.22,88.82,33976,,,,,
비밀번호 486,윤하 (Younha),2025.12.23,89.61,33139,,,,,
비밀번호 486,윤하 (Younha),2025.12.24,93.566,32595,,,,,
비밀번호 486,윤하 (Younha),2025.12.25,102.021,34753,,,,,
비밀번호 486,윤하 (Younha),2025.12.26,111.78,40712,,,,,
비밀번호 486,윤하 (Younha),2025.12.27,114.365,39434,,,,,
비밀번호 486,윤하 (Younha),2025.12.28,99.495,36912,,,,,
비밀번호 486,윤하 (Younha),2025.12.29,102.232,38553,,,,,
비밀번호 486,윤하 (Younha),2025.12.30,114.035,41125,,,,,
비밀번호 486,윤하 (Younha),2025.12.31,128.392,42184,,,,,
Butterfly (영화 ′국가대표′ OST),러브홀릭스 (Loveholics),2025.4.1,5.259,66447,,,,,
Butterfly (영화 ′국가대표′ OST),러브홀릭스 (Loveholics),2025.4.2,5.779,58760,,,,,
Butterfly (영화 ′국가대표′ OST),러브홀릭스 (Loveholics),2025.4.3,9.27,60496,,,,,
Butterfly (영화 ′국가대표′ OST),러브홀릭스 (Loveholics),2025.4.4,8.332,72608,,,,,
Butterfly (영화 ′국가대표′ OST),러브홀릭스 (Loveholics),2025.4.5,41.392,96730,,,,,
Butterfly (영화 ′국가대표′ OST),러브홀릭스 (Loveholics),2025.4.6,41.471,83870,,,,,
Butterfly (영화 ′국가대표′ OST),러브홀릭스 (Loveholics),2025.4.7,40.721,82865,,,,,
Butterfly (영화 ′국가대표′ OST),러브홀릭스 (Loveholics),2025.4.8,43.506,69583,,,,,
Butterfly (영화 ′국가대표′ OST),러브홀릭스 (Loveholics),2025.4.9,44.024,63489,,,,,
Butterfly (영화 ′국가대표′ OST),러브홀릭스 (Loveholics),2025.4.10,43.892,55758,,,,,
Butterfly (영화 ′국가대표′ OST),러브홀릭스 (Loveholics),2025.4.11,42.454,64604,,,,,
Butterfly (영화 ′국가대표′ OST),러브홀릭스 (Loveholics),2025.4.12,38.523,69938,,,,,
Butterfly (영화 ′국가대표′ OST),러브홀릭스 (Loveholics),2025.4.13,35.662,81756,,,,,
Butterfly (영화 ′국가대표′ OST),러브홀릭스 (Loveholics),2025.4.14,36.969,78993,,,,,
Butterfly (영화 ′국가대표′ OST),러브홀릭스 (Loveholics),2025.4.15,44.209,86545,,,,,
Butterfly (영화 ′국가대표′ OST),러브홀릭스 (Loveholics),2025.4.16,46.571,91619,,,,,
Butterfly (영화 ′국가대표′ OST),러브홀릭스 (Loveholics),2025.4.17,43.64,158831,,,,,
Butterfly (영화 ′국가대표′ OST),러브홀릭스 (Loveholics),2025.4.18,47.206,159621,,,,,
Butterfly (영화 ′국가대표′ OST),러브홀릭스 (Loveholics),2025.4.19,44.912,114608,,,,,
Butterfly (영화 ′국가대표′ OST),러브홀릭스 (Loveholics),2025.4.20,45.954,111992,,,,,
Butterfly (영화 ′국가대표′ OST),러브홀릭스 (Loveholics),2025.4.21,54.573,83482,,,,,
Butterfly (영화 ′국가대표′ OST),러브홀릭스 (Loveholics),2025.4.22,56.101,61050,성량으로 무대 뿌시는 중3,"1,500,000","61,400",428,수급
Butterfly (영화 ′국가대표′ OST),러브홀릭스 (Loveholics),2025.4.23,54.683,50033,,,,,
Butterfly (영화 ′국가대표′ OST),러브홀릭스 (Loveholics),2025.4.24,52.495,57656,,,,,
Butterfly (영화 ′국가대표′ OST),러브홀릭스 (Loveholics),2025.4.25,58.07,61296,,,,,
Butterfly (영화 ′국가대표′ OST),러브홀릭스 (Loveholics),2025.4.26,56.417,65869,,,,,
Butterfly (영화 ′국가대표′ OST),러브홀릭스 (Loveholics),2025.4.27,52.411,58646,,,,,
Butterfly (영화 ′국가대표′ OST),러브홀릭스 (Loveholics),2025.4.28,61.8,52326,,,,,
Butterfly (영화 ′국가대표′ OST),러브홀릭스 (Loveholics),2025.4.29,61.593,49184,,,,,
Butterfly (영화 ′국가대표′ OST),러브홀릭스 (Loveholics),2025.4.30,59.087,48331,,,,,
Butterfly (영화 ′국가대표′ OST),러브홀릭스 (Loveholics),2025.5.1,56.319,47292,,,,,
Butterfly (영화 ′국가대표′ OST),러브홀릭스 (Loveholics),2025.5.2,60.509,46253,,,,,
Butterfly (영화 ′국가대표′ OST),러브홀릭스 (Loveholics),2025.5.3,62.705,47039,,,,,
Butterfly (영화 ′국가대표′ OST),러브홀릭스 (Loveholics),2025.5.4,62.599,46667,,,,,
Butterfly (영화 ′국가대표′ OST),러브홀릭스 (Loveholics),2025.5.5,54.181,44308,,,,,
Butterfly (영화 ′국가대표′ OST),러브홀릭스 (Loveholics),2025.5.6,51.817,44814,,,,,
Butterfly (영화 ′국가대표′ OST),러브홀릭스 (Loveholics),2025.5.7,56.719,42114,,,,,
Butterfly (영화 ′국가대표′ OST),러브홀릭스 (Loveholics),2025.5.8,55.726,42683,,,,,
Butterfly (영화 ′국가대표′ OST),러브홀릭스 (Loveholics),2025.5.9,55.004,46533,,,,,
Butterfly (영화 ′국가대표′ OST),러브홀릭스 (Loveholics),2025.5.10,53.671,43687,,,,,
Butterfly (영화 ′국가대표′ OST),러브홀릭스 (Loveholics),2025.5.11,52.532,46004,,,,,
Butterfly (영화 ′국가대표′ OST),러브홀릭스 (Loveholics),2025.5.12,50.322,44920,,,,,
Butterfly (영화 ′국가대표′ OST),러브홀릭스 (Loveholics),2025.5.13,52.841,46036,,,,,
Butterfly (영화 ′국가대표′ OST),러브홀릭스 (Loveholics),2025.5.14,53.032,47421,,,,,
Butterfly (영화 ′국가대표′ OST),러브홀릭스 (Loveholics),2025.5.15,54.077,46804,,,,,
Butterfly (영화 ′국가대표′ OST),러브홀릭스 (Loveholics),2025.5.16,58.106,50038,,,,,
Butterfly (영화 ′국가대표′ OST),러브홀릭스 (Loveholics),2025.5.17,54.858,64344,,,,,
Butterfly (영화 ′국가대표′ OST),러브홀릭스 (Loveholics),2025.5.18,47.504,68197,,,,,
Butterfly (영화 ′국가대표′ OST),러브홀릭스 (Loveholics),2025.5.19,49.351,43870,,,,,
Butterfly (영화 ′국가대표′ OST),러브홀릭스 (Loveholics),2025.5.20,52.092,64158,,,,,
Butterfly (영화 ′국가대표′ OST),러브홀릭스 (Loveholics),2025.5.21,52.61,44290,,,,,
Butterfly (영화 ′국가대표′ OST),러브홀릭스 (Loveholics),2025.5.22,52.094,41709,,,,,
Butterfly (영화 ′국가대표′ OST),러브홀릭스 (Loveholics),2025.5.23,53.598,47824,,,,,
Butterfly (영화 ′국가대표′ OST),러브홀릭스 (Loveholics),2025.5.24,53.944,49442,,,,,
Butterfly (영화 ′국가대표′ OST),러브홀릭스 (Loveholics),2025.5.25,47.258,45723,,,,,
Butterfly (영화 ′국가대표′ OST),러브홀릭스 (Loveholics),2025.5.26,47.988,41158,,,,,
Butterfly (영화 ′국가대표′ OST),러브홀릭스 (Loveholics),2025.5.27,48.944,38738,,,,,
Butterfly (영화 ′국가대표′ OST),러브홀릭스 (Loveholics),2025.5.28,49.673,39306,,,,,
Butterfly (영화 ′국가대표′ OST),러브홀릭스 (Loveholics),2025.5.29,50.912,38795,,,,,
Butterfly (영화 ′국가대표′ OST),러브홀릭스 (Loveholics),2025.5.30,56.277,45200,,,,,
Butterfly (영화 ′국가대표′ OST),러브홀릭스 (Loveholics),2025.5.31,49.702,47806,,,,,
Butterfly (영화 ′국가대표′ OST),러브홀릭스 (Loveholics),2025.6.1,46.249,44075,,,,,
Butterfly (영화 ′국가대표′ OST),러브홀릭스 (Loveholics),2025.6.2,54.873,61162,,,,,
Butterfly (영화 ′국가대표′ OST),러브홀릭스 (Loveholics),2025.6.3,48.11,60406,,,,,
Butterfly (영화 ′국가대표′ OST),러브홀릭스 (Loveholics),2025.6.4,51.445,46439,,,,,
Butterfly (영화 ′국가대표′ OST),러브홀릭스 (Loveholics),2025.6.5,57.027,54313,,,,,
Butterfly (영화 ′국가대표′ OST),러브홀릭스 (Loveholics),2025.6.6,53.948,48632,,,,,
Butterfly (영화 ′국가대표′ OST),러브홀릭스 (Loveholics),2025.6.7,52.002,52422,,,,,
Butterfly (영화 ′국가대표′ OST),러브홀릭스 (Loveholics),2025.6.8,45.96,58311,,,,,
Butterfly (영화 ′국가대표′ OST),러브홀릭스 (Loveholics),2025.6.9,48.924,44947,,,,,
Butterfly (영화 ′국가대표′ OST),러브홀릭스 (Loveholics),2025.6.10,47.502,42074,,,,,
Butterfly (영화 ′국가대표′ OST),러브홀릭스 (Loveholics),2025.6.11,50.337,50563,,,,,
Butterfly (영화 ′국가대표′ OST),러브홀릭스 (Loveholics),2025.6.12,52.759,54792,,,,,
Butterfly (영화 ′국가대표′ OST),러브홀릭스 (Loveholics),2025.6.13,53.029,59444,,,,,
Butterfly (영화 ′국가대표′ OST),러브홀릭스 (Loveholics),2025.6.14,55.377,70955,,,,,
Butterfly (영화 ′국가대표′ OST),러브홀릭스 (Loveholics),2025.6.15,49.301,71338,,,,,
Butterfly (영화 ′국가대표′ OST),러브홀릭스 (Loveholics),2025.6.16,53.659,68172,,,,,
Butterfly (영화 ′국가대표′ OST),러브홀릭스 (Loveholics),2025.6.17,54.306,125670,,,,,
Butterfly (영화 ′국가대표′ OST),러브홀릭스 (Loveholics),2025.6.18,51.776,109388,,,,,
Butterfly (영화 ′국가대표′ OST),러브홀릭스 (Loveholics),2025.6.19,54.187,68093,,,,,
Butterfly (영화 ′국가대표′ OST),러브홀릭스 (Loveholics),2025.6.20,56.445,57861,,,,,
Butterfly (영화 ′국가대표′ OST),러브홀릭스 (Loveholics),2025.6.21,55.058,83398,,,,,
Butterfly (영화 ′국가대표′ OST),러브홀릭스 (Loveholics),2025.6.22,52.705,98840,,,,,
Butterfly (영화 ′국가대표′ OST),러브홀릭스 (Loveholics),2025.6.23,54.431,87797,,,,,
Butterfly (영화 ′국가대표′ OST),러브홀릭스 (Loveholics),2025.6.24,50.716,64001,,,,,
Butterfly (영화 ′국가대표′ OST),러브홀릭스 (Loveholics),2025.6.25,50.314,46672,,,,,
Butterfly (영화 ′국가대표′ OST),러브홀릭스 (Loveholics),2025.6.26,71.373,96253,,,,,
Butterfly (영화 ′국가대표′ OST),러브홀릭스 (Loveholics),2025.6.27,63.273,60225,,,,,
Butterfly (영화 ′국가대표′ OST),러브홀릭스 (Loveholics),2025.6.28,82.596,164386,,,,,
Butterfly (영화 ′국가대표′ OST),러브홀릭스 (Loveholics),2025.6.29,90.44,167878,,,,,
Butterfly (영화 ′국가대표′ OST),러브홀릭스 (Loveholics),2025.6.30,72.429,132472,,,,,
Butterfly (영화 ′국가대표′ OST),러브홀릭스 (Loveholics),2025.7.1,62.925,146508,,,,,
Butterfly (영화 ′국가대표′ OST),러브홀릭스 (Loveholics),2025.7.2,55.962,77583,,,,,
Butterfly (영화 ′국가대표′ OST),러브홀릭스 (Loveholics),2025.7.3,56.689,114187,,,,,
Butterfly (영화 ′국가대표′ OST),러브홀릭스 (Loveholics),2025.7.4,58.445,101402,,,,,
Butterfly (영화 ′국가대표′ OST),러브홀릭스 (Loveholics),2025.7.5,59.894,268392,,,,,
Butterfly (영화 ′국가대표′ OST),러브홀릭스 (Loveholics),2025.7.6,51.105,153202,,,,,
Butterfly (영화 ′국가대표′ OST),러브홀릭스 (Loveholics),2025.7.7,50.469,110758,,,,,
Butterfly (영화 ′국가대표′ OST),러브홀릭스 (Loveholics),2025.7.8,48.897,95179,,,,,
Butterfly (영화 ′국가대표′ OST),러브홀릭스 (Loveholics),2025.7.9,47.387,80791,,,,,
Butterfly (영화 ′국가대표′ OST),러브홀릭스 (Loveholics),2025.7.10,46.036,77123,,,,,
Butterfly (영화 ′국가대표′ OST),러브홀릭스 (Loveholics),2025.7.11,47.838,59846,,,,,
Butterfly (영화 ′국가대표′ OST),러브홀릭스 (Loveholics),2025.7.12,43.832,53339,,,,,
Butterfly (영화 ′국가대표′ OST),러브홀릭스 (Loveholics),2025.7.13,38.101,42031,,,,,
Butterfly (영화 ′국가대표′ OST),러브홀릭스 (Loveholics),2025.7.14,38.752,41043,,,,,
Butterfly (영화 ′국가대표′ OST),러브홀릭스 (Loveholics),2025.7.15,42.04,48335,,,,,
Butterfly (영화 ′국가대표′ OST),러브홀릭스 (Loveholics),2025.7.16,37.682,43422,,,,,
Butterfly (영화 ′국가대표′ OST),러브홀릭스 (Loveholics),2025.7.17,35.486,55862,,,,,
Butterfly (영화 ′국가대표′ OST),러브홀릭스 (Loveholics),2025.7.18,37.262,58012,,,,,
Butterfly (영화 ′국가대표′ OST),러브홀릭스 (Loveholics),2025.7.19,37.376,53427,,,,,
Butterfly (영화 ′국가대표′ OST),러브홀릭스 (Loveholics),2025.7.20,35.225,47555,,,,,
Butterfly (영화 ′국가대표′ OST),러브홀릭스 (Loveholics),2025.7.21,36.706,70032,,,,,
Butterfly (영화 ′국가대표′ OST),러브홀릭스 (Loveholics),2025.7.22,36.005,64692,,,,,
Butterfly (영화 ′국가대표′ OST),러브홀릭스 (Loveholics),2025.7.23,35.843,57623,,,,,
Butterfly (영화 ′국가대표′ OST),러브홀릭스 (Loveholics),2025.7.24,36.486,79119,,,,,
Butterfly (영화 ′국가대표′ OST),러브홀릭스 (Loveholics),2025.7.25,36.059,56801,,,,,
Butterfly (영화 ′국가대표′ OST),러브홀릭스 (Loveholics),2025.7.26,35.736,67074,,,,,
Butterfly (영화 ′국가대표′ OST),러브홀릭스 (Loveholics),2025.7.27,36.718,80155,,,,,
Butterfly (영화 ′국가대표′ OST),러브홀릭스 (Loveholics),2025.7.28,39.681,105417,,,,,
Butterfly (영화 ′국가대표′ OST),러브홀릭스 (Loveholics),2025.7.29,37.877,95606,,,,,
Butterfly (영화 ′국가대표′ OST),러브홀릭스 (Loveholics),2025.7.30,35.146,79619,,,,,
Butterfly (영화 ′국가대표′ OST),러브홀릭스 (Loveholics),2025.7.31,33.208,79373,,,,,
Butterfly (영화 ′국가대표′ OST),러브홀릭스 (Loveholics),2025.8.1,33.557,63681,,,,,
Butterfly (영화 ′국가대표′ OST),러브홀릭스 (Loveholics),2025.8.2,33.794,54972,,,,,
Butterfly (영화 ′국가대표′ OST),러브홀릭스 (Loveholics),2025.8.3,32.233,171769,,,,,
Butterfly (영화 ′국가대표′ OST),러브홀릭스 (Loveholics),2025.8.4,32.613,131152,,,,,
Butterfly (영화 ′국가대표′ OST),러브홀릭스 (Loveholics),2025.8.5,32.242,57673,,,,,
Butterfly (영화 ′국가대표′ OST),러브홀릭스 (Loveholics),2025.8.6,32.318,146754,,,,,
Butterfly (영화 ′국가대표′ OST),러브홀릭스 (Loveholics),2025.8.7,33.872,140890,,,,,
Butterfly (영화 ′국가대표′ OST),러브홀릭스 (Loveholics),2025.8.8,37.581,111905,,,,,
Butterfly (영화 ′국가대표′ OST),러브홀릭스 (Loveholics),2025.8.9,33.129,189511,,,,,
Butterfly (영화 ′국가대표′ OST),러브홀릭스 (Loveholics),2025.8.10,32.011,233599,,,,,
Butterfly (영화 ′국가대표′ OST),러브홀릭스 (Loveholics),2025.8.11,32.317,170432,,,,,
Butterfly (영화 ′국가대표′ OST),러브홀릭스 (Loveholics),2025.8.12,35.734,448024,,,,,
Butterfly (영화 ′국가대표′ OST),러브홀릭스 (Loveholics),2025.8.13,31.395,284516,,,,,
Butterfly (영화 ′국가대표′ OST),러브홀릭스 (Loveholics),2025.8.14,35.724,250727,,,,,
Butterfly (영화 ′국가대표′ OST),러브홀릭스 (Loveholics),2025.8.15,39.099,171140,,,,,
Butterfly (영화 ′국가대표′ OST),러브홀릭스 (Loveholics),2025.8.16,33.078,137823,,,,,
Butterfly (영화 ′국가대표′ OST),러브홀릭스 (Loveholics),2025.8.17,32.006,66470,,,,,
Butterfly (영화 ′국가대표′ OST),러브홀릭스 (Loveholics),2025.8.18,32.752,61393,,,,,
Butterfly (영화 ′국가대표′ OST),러브홀릭스 (Loveholics),2025.8.19,33.026,77033,,,,,
Butterfly (영화 ′국가대표′ OST),러브홀릭스 (Loveholics),2025.8.20,32.921,60707,,,,,
Butterfly (영화 ′국가대표′ OST),러브홀릭스 (Loveholics),2025.8.21,34.963,152090,,,,,
Butterfly (영화 ′국가대표′ OST),러브홀릭스 (Loveholics),2025.8.22,36.561,87470,,,,,
Butterfly (영화 ′국가대표′ OST),러브홀릭스 (Loveholics),2025.8.23,33.314,90669,,,,,
Butterfly (영화 ′국가대표′ OST),러브홀릭스 (Loveholics),2025.8.24,32.766,83812,,,,,
Butterfly (영화 ′국가대표′ OST),러브홀릭스 (Loveholics),2025.8.25,33.956,77159,,,,,
Butterfly (영화 ′국가대표′ OST),러브홀릭스 (Loveholics),2025.8.26,32.931,78448,,,,,
Butterfly (영화 ′국가대표′ OST),러브홀릭스 (Loveholics),2025.8.27,34.651,65373,,,,,
Butterfly (영화 ′국가대표′ OST),러브홀릭스 (Loveholics),2025.8.28,36.332,67670,,,,,
Butterfly (영화 ′국가대표′ OST),러브홀릭스 (Loveholics),2025.8.29,36.989,115224,,,,,
Butterfly (영화 ′국가대표′ OST),러브홀릭스 (Loveholics),2025.8.30,35.972,161775,,,,,
Butterfly (영화 ′국가대표′ OST),러브홀릭스 (Loveholics),2025.8.31,31.802,80780,,,,,
Butterfly (영화 ′국가대표′ OST),러브홀릭스 (Loveholics),2025.9.1,36.778,61969,,,,,
Butterfly (영화 ′국가대표′ OST),러브홀릭스 (Loveholics),2025.9.2,36.295,56486,,,,,
Butterfly (영화 ′국가대표′ OST),러브홀릭스 (Loveholics),2025.9.3,35.375,48384,,,,,
Butterfly (영화 ′국가대표′ OST),러브홀릭스 (Loveholics),2025.9.4,36.864,45756,,,,,
Butterfly (영화 ′국가대표′ OST),러브홀릭스 (Loveholics),2025.9.5,36.903,48690,,,,,
Butterfly (영화 ′국가대표′ OST),러브홀릭스 (Loveholics),2025.9.6,34.575,59062,,,,,
Butterfly (영화 ′국가대표′ OST),러브홀릭스 (Loveholics),2025.9.7,32.231,43483,,,,,
Butterfly (영화 ′국가대표′ OST),러브홀릭스 (Loveholics),2025.9.8,33.959,40437,,,,,
Butterfly (영화 ′국가대표′ OST),러브홀릭스 (Loveholics),2025.9.9,34.902,44347,,,,,
Butterfly (영화 ′국가대표′ OST),러브홀릭스 (Loveholics),2025.9.10,35.012,38833,,,,,
Butterfly (영화 ′국가대표′ OST),러브홀릭스 (Loveholics),2025.9.11,35.566,49337,,,,,
Butterfly (영화 ′국가대표′ OST),러브홀릭스 (Loveholics),2025.9.12,36.775,43914,,,,,
Butterfly (영화 ′국가대표′ OST),러브홀릭스 (Loveholics),2025.9.13,35.044,41488,,,,,
Butterfly (영화 ′국가대표′ OST),러브홀릭스 (Loveholics),2025.9.14,34.738,63253,,,,,
Butterfly (영화 ′국가대표′ OST),러브홀릭스 (Loveholics),2025.9.15,34.608,54547,,,,,
Butterfly (영화 ′국가대표′ OST),러브홀릭스 (Loveholics),2025.9.16,35.554,46112,,,,,
Butterfly (영화 ′국가대표′ OST),러브홀릭스 (Loveholics),2025.9.17,36.346,44578,,,,,
Butterfly (영화 ′국가대표′ OST),러브홀릭스 (Loveholics),2025.9.18,38.558,46251,,,,,
Butterfly (영화 ′국가대표′ OST),러브홀릭스 (Loveholics),2025.9.19,39.823,53609,,,,,
Butterfly (영화 ′국가대표′ OST),러브홀릭스 (Loveholics),2025.9.20,38.553,49324,,,,,
Butterfly (영화 ′국가대표′ OST),러브홀릭스 (Loveholics),2025.9.21,35.64,48295,,,,,
Butterfly (영화 ′국가대표′ OST),러브홀릭스 (Loveholics),2025.9.22,38.308,62636,,,,,
Butterfly (영화 ′국가대표′ OST),러브홀릭스 (Loveholics),2025.9.23,37.243,50324,,,,,
Butterfly (영화 ′국가대표′ OST),러브홀릭스 (Loveholics),2025.9.24,37.124,46900,,,,,
Butterfly (영화 ′국가대표′ OST),러브홀릭스 (Loveholics),2025.9.25,40.716,72913,,,,,
Butterfly (영화 ′국가대표′ OST),러브홀릭스 (Loveholics),2025.9.26,42.733,188907,,,,,
Butterfly (영화 ′국가대표′ OST),러브홀릭스 (Loveholics),2025.9.27,37.874,106608,,,,,
Butterfly (영화 ′국가대표′ OST),러브홀릭스 (Loveholics),2025.9.28,35.536,68005,,,,,
Butterfly (영화 ′국가대표′ OST),러브홀릭스 (Loveholics),2025.9.29,37.593,53488,,,,,
Butterfly (영화 ′국가대표′ OST),러브홀릭스 (Loveholics),2025.9.30,40.143,53716,,,,,
Butterfly (영화 ′국가대표′ OST),러브홀릭스 (Loveholics),2025.10.1,37.721,58511,,,,,
Butterfly (영화 ′국가대표′ OST),러브홀릭스 (Loveholics),2025.10.2,39.784,50573,,,,,
Butterfly (영화 ′국가대표′ OST),러브홀릭스 (Loveholics),2025.10.3,49.524,73270,,,,,
Butterfly (영화 ′국가대표′ OST),러브홀릭스 (Loveholics),2025.10.4,68.583,86586,,,,,
Butterfly (영화 ′국가대표′ OST),러브홀릭스 (Loveholics),2025.10.5,66.145,61162,,,,,
Butterfly (영화 ′국가대표′ OST),러브홀릭스 (Loveholics),2025.10.6,57.848,46372,,,,,
Butterfly (영화 ′국가대표′ OST),러브홀릭스 (Loveholics),2025.10.7,74.191,58710,,,,,
Butterfly (영화 ′국가대표′ OST),러브홀릭스 (Loveholics),2025.10.8,102.772,82369,,,,,
Butterfly (영화 ′국가대표′ OST),러브홀릭스 (Loveholics),2025.10.9,139.099,74362,,,,,
Butterfly (영화 ′국가대표′ OST),러브홀릭스 (Loveholics),2025.10.10,157.96,71738,,,,,
Butterfly (영화 ′국가대표′ OST),러브홀릭스 (Loveholics),2025.10.11,198.588,84719,,,,,
Butterfly (영화 ′국가대표′ OST),러브홀릭스 (Loveholics),2025.10.12,168.362,75739,,,,,
Butterfly (영화 ′국가대표′ OST),러브홀릭스 (Loveholics),2025.10.13,159.089,68447,,,,,
Butterfly (영화 ′국가대표′ OST),러브홀릭스 (Loveholics),2025.10.14,172.397,72592,,,,,
Butterfly (영화 ′국가대표′ OST),러브홀릭스 (Loveholics),2025.10.15,144.57,63515,,,,,
Butterfly (영화 ′국가대표′ OST),러브홀릭스 (Loveholics),2025.10.16,165.403,82882,,,,,
Butterfly (영화 ′국가대표′ OST),러브홀릭스 (Loveholics),2025.10.17,169.471,80924,,,,,
Butterfly (영화 ′국가대표′ OST),러브홀릭스 (Loveholics),2025.10.18,175.673,82393,,,,,
Butterfly (영화 ′국가대표′ OST),러브홀릭스 (Loveholics),2025.10.19,152.903,68587,,,,,
Butterfly (영화 ′국가대표′ OST),러브홀릭스 (Loveholics),2025.10.20,139.732,64573,,,,,
Butterfly (영화 ′국가대표′ OST),러브홀릭스 (Loveholics),2025.10.21,155.148,76152,,,,,
Butterfly (영화 ′국가대표′ OST),러브홀릭스 (Loveholics),2025.10.22,159.683,87512,,,,,
Butterfly (영화 ′국가대표′ OST),러브홀릭스 (Loveholics),2025.10.23,144.303,79354,,,,,
Butterfly (영화 ′국가대표′ OST),러브홀릭스 (Loveholics),2025.10.24,174.186,102088,,,,,
Butterfly (영화 ′국가대표′ OST),러브홀릭스 (Loveholics),2025.10.25,171.249,160946,,,,,
Butterfly (영화 ′국가대표′ OST),러브홀릭스 (Loveholics),2025.10.26,132.504,157216,,,,,
Butterfly (영화 ′국가대표′ OST),러브홀릭스 (Loveholics),2025.10.27,111.909,96719,,,,,
Butterfly (영화 ′국가대표′ OST),러브홀릭스 (Loveholics),2025.10.28,54.356,63668,,,,,
Butterfly (영화 ′국가대표′ OST),러브홀릭스 (Loveholics),2025.10.29,51.518,228537,,,,,
Butterfly (영화 ′국가대표′ OST),러브홀릭스 (Loveholics),2025.10.30,58.867,81626,,,,,
Butterfly (영화 ′국가대표′ OST),러브홀릭스 (Loveholics),2025.10.31,71.346,78698,,,,,
Butterfly (영화 ′국가대표′ OST),러브홀릭스 (Loveholics),2025.11.1,91.836,72133,,,,,
Butterfly (영화 ′국가대표′ OST),러브홀릭스 (Loveholics),2025.11.2,83.211,64405,,,,,
Butterfly (영화 ′국가대표′ OST),러브홀릭스 (Loveholics),2025.11.3,81.566,62634,,,,,
Butterfly (영화 ′국가대표′ OST),러브홀릭스 (Loveholics),2025.11.4,87.766,82544,,,,,
Butterfly (영화 ′국가대표′ OST),러브홀릭스 (Loveholics),2025.11.5,113.325,330485,,,,,
Butterfly (영화 ′국가대표′ OST),러브홀릭스 (Loveholics),2025.11.6,137.853,631929,,,,,
Butterfly (영화 ′국가대표′ OST),러브홀릭스 (Loveholics),2025.11.7,127.514,535233,,,,,
Butterfly (영화 ′국가대표′ OST),러브홀릭스 (Loveholics),2025.11.8,136.562,634066,,,,,
Butterfly (영화 ′국가대표′ OST),러브홀릭스 (Loveholics),2025.11.9,112.979,500590,,,,,
Butterfly (영화 ′국가대표′ OST),러브홀릭스 (Loveholics),2025.11.10,117.481,328616,,,,,
Butterfly (영화 ′국가대표′ OST),러브홀릭스 (Loveholics),2025.11.11,109.212,178598,,,,,
Butterfly (영화 ′국가대표′ OST),러브홀릭스 (Loveholics),2025.11.12,109.448,173204,,,,,
Butterfly (영화 ′국가대표′ OST),러브홀릭스 (Loveholics),2025.11.13,147.014,170803,,,,,
Butterfly (영화 ′국가대표′ OST),러브홀릭스 (Loveholics),2025.11.14,147.664,152129,,,,,
Butterfly (영화 ′국가대표′ OST),러브홀릭스 (Loveholics),2025.11.15,141.441,370750,,,,,
Butterfly (영화 ′국가대표′ OST),러브홀릭스 (Loveholics),2025.11.16,147.591,582476,,,,,
Butterfly (영화 ′국가대표′ OST),러브홀릭스 (Loveholics),2025.11.17,208.408,1308761,,,,,
Butterfly (영화 ′국가대표′ OST),러브홀릭스 (Loveholics),2025.11.18,247.115,1963796,,,,,
Butterfly (영화 ′국가대표′ OST),러브홀릭스 (Loveholics),2025.11.19,227.842,1598186,,,,,
Butterfly (영화 ′국가대표′ OST),러브홀릭스 (Loveholics),2025.11.20,214.791,1444291,,,,,
Butterfly (영화 ′국가대표′ OST),러브홀릭스 (Loveholics),2025.11.21,199.558,1325628,,,,,
Butterfly (영화 ′국가대표′ OST),러브홀릭스 (Loveholics),2025.11.22,178.947,1068355,,,,,
Butterfly (영화 ′국가대표′ OST),러브홀릭스 (Loveholics),2025.11.23,181.845,927776,,,,,
Butterfly (영화 ′국가대표′ OST),러브홀릭스 (Loveholics),2025.11.24,151.338,530887,,,,,
Butterfly (영화 ′국가대표′ OST),러브홀릭스 (Loveholics),2025.11.25,144.179,432550,,,,,
Butterfly (영화 ′국가대표′ OST),러브홀릭스 (Loveholics),2025.11.26,176.235,819623,,,,,
Butterfly (영화 ′국가대표′ OST),러브홀릭스 (Loveholics),2025.11.27,187.13,669266,,,,,
Butterfly (영화 ′국가대표′ OST),러브홀릭스 (Loveholics),2025.11.28,188.09,520218,,,,,
Butterfly (영화 ′국가대표′ OST),러브홀릭스 (Loveholics),2025.11.29,181.61,354905,,,,,
Butterfly (영화 ′국가대표′ OST),러브홀릭스 (Loveholics),2025.11.30,168.255,374960,,,,,
Butterfly (영화 ′국가대표′ OST),러브홀릭스 (Loveholics),2025.12.1,158.127,383695,,,,,
Butterfly (영화 ′국가대표′ OST),러브홀릭스 (Loveholics),2025.12.2,155.616,354974,,,,,
Butterfly (영화 ′국가대표′ OST),러브홀릭스 (Loveholics),2025.12.3,144.964,197252,,,,,
Butterfly (영화 ′국가대표′ OST),러브홀릭스 (Loveholics),2025.12.4,138.933,194010,,,,,
Butterfly (영화 ′국가대표′ OST),러브홀릭스 (Loveholics),2025.12.5,179.115,426131,,,,,
Butterfly (영화 ′국가대표′ OST),러브홀릭스 (Loveholics),2025.12.6,182.82,471721,,,,,
Butterfly (영화 ′국가대표′ OST),러브홀릭스 (Loveholics),2025.12.7,161.971,373522,,,,,
Butterfly (영화 ′국가대표′ OST),러브홀릭스 (Loveholics),2025.12.8,164.866,557231,,,,,
Butterfly (영화 ′국가대표′ OST),러브홀릭스 (Loveholics),2025.12.9,132.179,285128,,,,,
Butterfly (영화 ′국가대표′ OST),러브홀릭스 (Loveholics),2025.12.10,122.845,204195,,,,,
Butterfly (영화 ′국가대표′ OST),러브홀릭스 (Loveholics),2025.12.11,128.51,259801,,,,,
Butterfly (영화 ′국가대표′ OST),러브홀릭스 (Loveholics),2025.12.12,147.607,362144,,,,,
Butterfly (영화 ′국가대표′ OST),러브홀릭스 (Loveholics),2025.12.13,149.487,401017,,,,,
Butterfly (영화 ′국가대표′ OST),러브홀릭스 (Loveholics),2025.12.14,125.4,142942,,,,,
Butterfly (영화 ′국가대표′ OST),러브홀릭스 (Loveholics),2025.12.15,119.504,132734,,,,,
Butterfly (영화 ′국가대표′ OST),러브홀릭스 (Loveholics),2025.12.16,127.05,529145,,,,,
Butterfly (영화 ′국가대표′ OST),러브홀릭스 (Loveholics),2025.12.17,128.252,352003,,,,,
Butterfly (영화 ′국가대표′ OST),러브홀릭스 (Loveholics),2025.12.18,126.904,410306,,,,,
Butterfly (영화 ′국가대표′ OST),러브홀릭스 (Loveholics),2025.12.19,136.435,309872,,,,,
Butterfly (영화 ′국가대표′ OST),러브홀릭스 (Loveholics),2025.12.20,125.948,316408,,,,,
Butterfly (영화 ′국가대표′ OST),러브홀릭스 (Loveholics),2025.12.21,112.818,197835,,,,,
Butterfly (영화 ′국가대표′ OST),러브홀릭스 (Loveholics),2025.12.22,107.393,171199,,,,,
Butterfly (영화 ′국가대표′ OST),러브홀릭스 (Loveholics),2025.12.23,106.451,160633,,,,,
Butterfly (영화 ′국가대표′ OST),러브홀릭스 (Loveholics),2025.12.24,109.738,179117,,,,,
Butterfly (영화 ′국가대표′ OST),러브홀릭스 (Loveholics),2025.12.25,105.268,109799,,,,,
Butterfly (영화 ′국가대표′ OST),러브홀릭스 (Loveholics),2025.12.26,117.57,112823,,,,,
Butterfly (영화 ′국가대표′ OST),러브홀릭스 (Loveholics),2025.12.27,141.054,148311,,,,,
Butterfly (영화 ′국가대표′ OST),러브홀릭스 (Loveholics),2025.12.28,144.814,132613,,,,,
Butterfly (영화 ′국가대표′ OST),러브홀릭스 (Loveholics),2025.12.29,145.927,125028,,,,,
Butterfly (영화 ′국가대표′ OST),러브홀릭스 (Loveholics),2025.12.30,140.062,102228,,,,,
Butterfly (영화 ′국가대표′ OST),러브홀릭스 (Loveholics),2025.12.31,193.672,126329,,,,,
그대만 있다면,러브홀릭 (Loveholic),2025.4.1,0.011,6,,,,,
그대만 있다면,러브홀릭 (Loveholic),2025.4.2,0.069,12,,,,,
그대만 있다면,러브홀릭 (Loveholic),2025.4.3,0.011,4,,,,,
그대만 있다면,러브홀릭 (Loveholic),2025.4.4,0.254,61,,,,,
그대만 있다면,러브홀릭 (Loveholic),2025.4.5,4.127,724,,,,,
그대만 있다면,러브홀릭 (Loveholic),2025.4.6,2.819,593,,,,,
그대만 있다면,러브홀릭 (Loveholic),2025.4.7,0.551,118,,,,,
그대만 있다면,러브홀릭 (Loveholic),2025.4.8,1.962,444,,,,,
그대만 있다면,러브홀릭 (Loveholic),2025.4.9,0.791,165,,,,,
그대만 있다면,러브홀릭 (Loveholic),2025.4.10,0.238,47,,,,,
그대만 있다면,러브홀릭 (Loveholic),2025.4.11,0.12,29,,,,,
그대만 있다면,러브홀릭 (Loveholic),2025.4.12,0.095,16,,,,,
그대만 있다면,러브홀릭 (Loveholic),2025.4.13,0.059,13,,,,,
그대만 있다면,러브홀릭 (Loveholic),2025.4.14,0.078,22,,,,,
그대만 있다면,러브홀릭 (Loveholic),2025.4.15,0.073,17,,,,,
그대만 있다면,러브홀릭 (Loveholic),2025.4.16,0.083,17,,,,,
그대만 있다면,러브홀릭 (Loveholic),2025.4.17,0.092,36,,,,,
그대만 있다면,러브홀릭 (Loveholic),2025.4.18,0.037,14,,,,,
그대만 있다면,러브홀릭 (Loveholic),2025.4.19,0.043,8,,,,,
그대만 있다면,러브홀릭 (Loveholic),2025.4.20,0.072,14,,,,,
그대만 있다면,러브홀릭 (Loveholic),2025.4.21,0.024,18,,,,,
그대만 있다면,러브홀릭 (Loveholic),2025.4.22,0.049,20,,,,,
그대만 있다면,러브홀릭 (Loveholic),2025.4.23,0.039,9,,,,,
그대만 있다면,러브홀릭 (Loveholic),2025.4.24,0.046,10,,,,,
그대만 있다면,러브홀릭 (Loveholic),2025.4.25,0.007,5,,,,,
그대만 있다면,러브홀릭 (Loveholic),2025.4.26,0.047,12,음색이 학교 마이크 집어삼킴,"767,400","33,900",77,수급
그대만 있다면,러브홀릭 (Loveholic),2025.4.27,0.065,11,,,,,
그대만 있다면,러브홀릭 (Loveholic),2025.4.28,0.011,3,,,,,
그대만 있다면,러브홀릭 (Loveholic),2025.4.29,0.063,9,,,,,
그대만 있다면,러브홀릭 (Loveholic),2025.4.30,0.093,15,,,,,
그대만 있다면,러브홀릭 (Loveholic),2025.5.1,0.02,3,,,,,
그대만 있다면,러브홀릭 (Loveholic),2025.5.2,0.02,7,,,,,
그대만 있다면,러브홀릭 (Loveholic),2025.5.3,0.038,8,,,,,
그대만 있다면,러브홀릭 (Loveholic),2025.5.4,0.007,7,,,,,
그대만 있다면,러브홀릭 (Loveholic),2025.5.5,0,8,,,,,
그대만 있다면,러브홀릭 (Loveholic),2025.5.6,0.034,8,,,,,
그대만 있다면,러브홀릭 (Loveholic),2025.5.7,0.024,6,,,,,
그대만 있다면,러브홀릭 (Loveholic),2025.5.8,0.013,5,,,,,
그대만 있다면,러브홀릭 (Loveholic),2025.5.9,0.059,12,,,,,
그대만 있다면,러브홀릭 (Loveholic),2025.5.10,0.058,11,,,,,
그대만 있다면,러브홀릭 (Loveholic),2025.5.11,0.047,6,,,,,
그대만 있다면,러브홀릭 (Loveholic),2025.5.12,0.011,10,,,,,
그대만 있다면,러브홀릭 (Loveholic),2025.5.13,0.011,7,,,,,
그대만 있다면,러브홀릭 (Loveholic),2025.5.14,0.018,5,,,,,
그대만 있다면,러브홀릭 (Loveholic),2025.5.15,0.033,18,,,,,
그대만 있다면,러브홀릭 (Loveholic),2025.5.16,0.027,9,,,,,
그대만 있다면,러브홀릭 (Loveholic),2025.5.17,0.03,7,,,,,
그대만 있다면,러브홀릭 (Loveholic),2025.5.18,0.03,9,,,,,
그대만 있다면,러브홀릭 (Loveholic),2025.5.19,0.02,9,,,,,
그대만 있다면,러브홀릭 (Loveholic),2025.5.20,0.032,11,,,,,
그대만 있다면,러브홀릭 (Loveholic),2025.5.21,0.034,10,,,,,
그대만 있다면,러브홀릭 (Loveholic),2025.5.22,0.009,11,,,,,
그대만 있다면,러브홀릭 (Loveholic),2025.5.23,0.059,12,,,,,
그대만 있다면,러브홀릭 (Loveholic),2025.5.24,0.042,10,,,,,
그대만 있다면,러브홀릭 (Loveholic),2025.5.25,0.035,8,,,,,
그대만 있다면,러브홀릭 (Loveholic),2025.5.26,0.045,9,,,,,
그대만 있다면,러브홀릭 (Loveholic),2025.5.27,0.038,12,,,,,
그대만 있다면,러브홀릭 (Loveholic),2025.5.28,0.049,17,,,,,
그대만 있다면,러브홀릭 (Loveholic),2025.5.29,0.057,14,,,,,
그대만 있다면,러브홀릭 (Loveholic),2025.5.30,0.026,14,,,,,
그대만 있다면,러브홀릭 (Loveholic),2025.5.31,0.017,12,,,,,
그대만 있다면,러브홀릭 (Loveholic),2025.6.1,0.047,11,,,,,
그대만 있다면,러브홀릭 (Loveholic),2025.6.2,0.011,16,,,,,
그대만 있다면,러브홀릭 (Loveholic),2025.6.3,0.033,9,,,,,
그대만 있다면,러브홀릭 (Loveholic),2025.6.4,0.028,8,,,,,
그대만 있다면,러브홀릭 (Loveholic),2025.6.5,0.019,2,,,,,
그대만 있다면,러브홀릭 (Loveholic),2025.6.6,0.04,4,,,,,
그대만 있다면,러브홀릭 (Loveholic),2025.6.7,0.004,1,,,,,
그대만 있다면,러브홀릭 (Loveholic),2025.6.9,0.012,4,,,,,
그대만 있다면,러브홀릭 (Loveholic),2025.6.10,0.009,2,,,,,
그대만 있다면,러브홀릭 (Loveholic),2025.6.11,0,1,,,,,
그대만 있다면,러브홀릭 (Loveholic),2025.6.12,0.005,3,,,,,
그대만 있다면,러브홀릭 (Loveholic),2025.6.13,0.033,5,,,,,
그대만 있다면,러브홀릭 (Loveholic),2025.6.14,0.001,3,,,,,
그대만 있다면,러브홀릭 (Loveholic),2025.6.15,0,2,,,,,
그대만 있다면,러브홀릭 (Loveholic),2025.6.16,0.019,3,,,,,
그대만 있다면,러브홀릭 (Loveholic),2025.6.17,0.003,5,,,,,
그대만 있다면,러브홀릭 (Loveholic),2025.6.18,0.019,3,,,,,
그대만 있다면,러브홀릭 (Loveholic),2025.6.20,0.019,2,,,,,
그대만 있다면,러브홀릭 (Loveholic),2025.6.22,0.001,2,,,,,
그대만 있다면,러브홀릭 (Loveholic),2025.6.23,0,1,,,,,
그대만 있다면,러브홀릭 (Loveholic),2025.6.24,0.01,2,,,,,
그대만 있다면,러브홀릭 (Loveholic),2025.6.25,0.019,3,,,,,
그대만 있다면,러브홀릭 (Loveholic),2025.6.26,0.018,2,,,,,
그대만 있다면,러브홀릭 (Loveholic),2025.6.27,0.009,1,,,,,
그대만 있다면,러브홀릭 (Loveholic),2025.6.28,0,0,,,,,
그대만 있다면,러브홀릭 (Loveholic),2025.6.29,0.001,1,,,,,
그대만 있다면,러브홀릭 (Loveholic),2025.6.30,0.019,3,,,,,
그대만 있다면,러브홀릭 (Loveholic),2025.7.1,0.026,7,,,,,
그대만 있다면,러브홀릭 (Loveholic),2025.7.2,0.001,1,,,,,
그대만 있다면,러브홀릭 (Loveholic),2025.7.3,0,0,,,,,
그대만 있다면,러브홀릭 (Loveholic),2025.7.4,0.02,4,,,,,
그대만 있다면,러브홀릭 (Loveholic),2025.7.6,0,0,,,,,
그대만 있다면,러브홀릭 (Loveholic),2025.7.8,0.018,3,,,,,
그대만 있다면,러브홀릭 (Loveholic),2025.7.9,0.009,1,,,,,
그대만 있다면,러브홀릭 (Loveholic),2025.7.10,0.016,2,,,,,
그대만 있다면,러브홀릭 (Loveholic),2025.7.11,0.023,4,,,,,
그대만 있다면,러브홀릭 (Loveholic),2025.7.12,0,2,,,,,
그대만 있다면,러브홀릭 (Loveholic),2025.7.14,0.008,1,,,,,
그대만 있다면,러브홀릭 (Loveholic),2025.7.15,0.008,4,,,,,
그대만 있다면,러브홀릭 (Loveholic),2025.7.16,0.024,5,,,,,
그대만 있다면,러브홀릭 (Loveholic),2025.7.17,0.01,2,,,,,
그대만 있다면,러브홀릭 (Loveholic),2025.7.18,0.008,3,,,,,
그대만 있다면,러브홀릭 (Loveholic),2025.7.19,0.021,5,,,,,
그대만 있다면,러브홀릭 (Loveholic),2025.7.20,0.009,3,,,,,
그대만 있다면,러브홀릭 (Loveholic),2025.7.21,0.024,4,,,,,
그대만 있다면,러브홀릭 (Loveholic),2025.7.23,0.002,1,,,,,
그대만 있다면,러브홀릭 (Loveholic),2025.7.24,0.503,126,,,,,
그대만 있다면,러브홀릭 (Loveholic),2025.7.25,0.394,105,,,,,
그대만 있다면,러브홀릭 (Loveholic),2025.7.26,0.454,105,,,,,
그대만 있다면,러브홀릭 (Loveholic),2025.7.27,0.454,101,,,,,
그대만 있다면,러브홀릭 (Loveholic),2025.7.28,0.508,110,,,,,
그대만 있다면,러브홀릭 (Loveholic),2025.7.29,0.835,175,,,,,
그대만 있다면,러브홀릭 (Loveholic),2025.7.30,0.53,144,,,,,
그대만 있다면,러브홀릭 (Loveholic),2025.7.31,0.446,118,,,,,
그대만 있다면,러브홀릭 (Loveholic),2025.8.1,0.524,129,,,,,
그대만 있다면,러브홀릭 (Loveholic),2025.8.2,0.395,77,,,,,
그대만 있다면,러브홀릭 (Loveholic),2025.8.3,0.717,132,,,,,
그대만 있다면,러브홀릭 (Loveholic),2025.8.4,1.02,190,,,,,
그대만 있다면,러브홀릭 (Loveholic),2025.8.5,1.207,238,,,,,
그대만 있다면,러브홀릭 (Loveholic),2025.8.6,0.965,211,,,,,
그대만 있다면,러브홀릭 (Loveholic),2025.8.7,0.811,188,,,,,
그대만 있다면,러브홀릭 (Loveholic),2025.8.8,1.118,239,,,,,
그대만 있다면,러브홀릭 (Loveholic),2025.8.9,0.981,192,,,,,
그대만 있다면,러브홀릭 (Loveholic),2025.8.10,1.434,275,,,,,
그대만 있다면,러브홀릭 (Loveholic),2025.8.11,2.252,496,,,,,
그대만 있다면,러브홀릭 (Loveholic),2025.8.12,3.507,724,,,,,
그대만 있다면,러브홀릭 (Loveholic),2025.8.13,5.476,1206,,,,,
그대만 있다면,러브홀릭 (Loveholic),2025.8.14,3.507,849,,,,,
그대만 있다면,러브홀릭 (Loveholic),2025.8.15,2.816,645,,,,,
그대만 있다면,러브홀릭 (Loveholic),2025.8.16,4.513,899,,,,,
그대만 있다면,러브홀릭 (Loveholic),2025.8.17,7.171,1548,,,,,
그대만 있다면,러브홀릭 (Loveholic),2025.8.18,6.589,1508,,,,,
그대만 있다면,러브홀릭 (Loveholic),2025.8.19,5.476,1274,,,,,
그대만 있다면,러브홀릭 (Loveholic),2025.8.20,6.053,1364,,,,,
그대만 있다면,러브홀릭 (Loveholic),2025.8.21,7.391,1832,,,,,
그대만 있다면,러브홀릭 (Loveholic),2025.8.22,9.787,2357,,,,,
그대만 있다면,러브홀릭 (Loveholic),2025.8.23,13.964,2773,,,,,
그대만 있다면,러브홀릭 (Loveholic),2025.8.24,15.874,3264,,,,,
그대만 있다면,러브홀릭 (Loveholic),2025.8.25,14.787,3269,,,,,
그대만 있다면,러브홀릭 (Loveholic),2025.8.26,11.514,2621,,,,,
그대만 있다면,러브홀릭 (Loveholic),2025.8.27,12.394,2850,,,,,
그대만 있다면,러브홀릭 (Loveholic),2025.8.28,13.048,2949,,,,,
그대만 있다면,러브홀릭 (Loveholic),2025.8.29,14.017,3297,,,,,
그대만 있다면,러브홀릭 (Loveholic),2025.8.30,15.559,3185,,,,,
그대만 있다면,러브홀릭 (Loveholic),2025.8.31,17.925,3752,,,,,
그대만 있다면,러브홀릭 (Loveholic),2025.9.1,17.117,3774,,,,,
그대만 있다면,러브홀릭 (Loveholic),2025.9.2,15.423,3414,,,,,
그대만 있다면,러브홀릭 (Loveholic),2025.9.3,17.831,4013,,,,,
그대만 있다면,러브홀릭 (Loveholic),2025.9.4,19.263,4488,,,,,
그대만 있다면,러브홀릭 (Loveholic),2025.9.5,20.974,4885,,,,,
그대만 있다면,러브홀릭 (Loveholic),2025.9.6,22.036,4256,,,,,
그대만 있다면,러브홀릭 (Loveholic),2025.9.7,20.387,4177,,,,,
그대만 있다면,러브홀릭 (Loveholic),2025.9.8,16.589,3663,,,,,
그대만 있다면,러브홀릭 (Loveholic),2025.9.9,14.508,3280,,,,,
그대만 있다면,러브홀릭 (Loveholic),2025.9.10,16.694,3729,,,,,
그대만 있다면,러브홀릭 (Loveholic),2025.9.11,20.3,4578,,,,,
그대만 있다면,러브홀릭 (Loveholic),2025.9.12,22.367,5102,,,,,
그대만 있다면,러브홀릭 (Loveholic),2025.9.13,18.299,3731,,,,,
그대만 있다면,러브홀릭 (Loveholic),2025.9.14,18.883,3930,,,,,
그대만 있다면,러브홀릭 (Loveholic),2025.9.15,20.263,4547,,,,,
그대만 있다면,러브홀릭 (Loveholic),2025.9.16,24.697,5646,,,,,
그대만 있다면,러브홀릭 (Loveholic),2025.9.17,26.671,6019,,,,,
그대만 있다면,러브홀릭 (Loveholic),2025.9.18,29.314,6884,,,,,
그대만 있다면,러브홀릭 (Loveholic),2025.9.19,34.361,7988,,,,,
그대만 있다면,러브홀릭 (Loveholic),2025.9.20,28.838,5941,,,,,
그대만 있다면,러브홀릭 (Loveholic),2025.9.21,28.811,6221,,,,,
그대만 있다면,러브홀릭 (Loveholic),2025.9.22,30.158,6886,,,,,
그대만 있다면,러브홀릭 (Loveholic),2025.9.23,25.805,5948,,,,,
그대만 있다면,러브홀릭 (Loveholic),2025.9.24,20.081,4570,,,,,
그대만 있다면,러브홀릭 (Loveholic),2025.9.25,22.984,5305,,,,,
그대만 있다면,러브홀릭 (Loveholic),2025.9.26,24.3,5842,,,,,
그대만 있다면,러브홀릭 (Loveholic),2025.9.27,24.493,4822,,,,,
그대만 있다면,러브홀릭 (Loveholic),2025.9.28,25.889,5407,,,,,
그대만 있다면,러브홀릭 (Loveholic),2025.9.29,24.176,5537,,,,,
그대만 있다면,러브홀릭 (Loveholic),2025.9.30,20.915,4923,,,,,
그대만 있다면,러브홀릭 (Loveholic),2025.10.1,20.697,4953,,,,,
그대만 있다면,러브홀릭 (Loveholic),2025.10.2,17.431,4200,,,,,
그대만 있다면,러브홀릭 (Loveholic),2025.10.3,12.6,2775,,,,,
그대만 있다면,러브홀릭 (Loveholic),2025.10.4,2.713,528,,,,,
그대만 있다면,러브홀릭 (Loveholic),2025.10.5,1.633,310,,,,,
그대만 있다면,러브홀릭 (Loveholic),2025.10.6,1.492,273,,,,,
그대만 있다면,러브홀릭 (Loveholic),2025.10.7,1.254,227,,,,,
그대만 있다면,러브홀릭 (Loveholic),2025.10.8,1.043,214,,,,,
그대만 있다면,러브홀릭 (Loveholic),2025.10.9,1.112,223,,,,,
그대만 있다면,러브홀릭 (Loveholic),2025.10.10,0.701,163,,,,,
그대만 있다면,러브홀릭 (Loveholic),2025.10.11,0.776,169,,,,,
그대만 있다면,러브홀릭 (Loveholic),2025.10.12,0.932,191,,,,,
그대만 있다면,러브홀릭 (Loveholic),2025.10.13,0.895,174,,,,,
그대만 있다면,러브홀릭 (Loveholic),2025.10.14,0.703,165,,,,,
그대만 있다면,러브홀릭 (Loveholic),2025.10.15,0.792,168,,,,,
그대만 있다면,러브홀릭 (Loveholic),2025.10.16,0.683,167,,,,,
그대만 있다면,러브홀릭 (Loveholic),2025.10.17,0.622,137,,,,,
그대만 있다면,러브홀릭 (Loveholic),2025.10.18,0.634,136,,,,,
그대만 있다면,러브홀릭 (Loveholic),2025.10.19,0.552,121,,,,,
그대만 있다면,러브홀릭 (Loveholic),2025.10.20,0.509,135,,,,,
그대만 있다면,러브홀릭 (Loveholic),2025.10.21,0.568,135,,,,,
그대만 있다면,러브홀릭 (Loveholic),2025.10.22,0.595,157,,,,,
그대만 있다면,러브홀릭 (Loveholic),2025.10.23,0.522,155,,,,,
그대만 있다면,러브홀릭 (Loveholic),2025.10.24,0.53,136,,,,,
그대만 있다면,러브홀릭 (Loveholic),2025.10.25,0.515,111,,,,,
그대만 있다면,러브홀릭 (Loveholic),2025.10.26,0.36,99,,,,,
그대만 있다면,러브홀릭 (Loveholic),2025.10.27,0.467,110,,,,,
그대만 있다면,러브홀릭 (Loveholic),2025.10.28,0.45,121,,,,,
그대만 있다면,러브홀릭 (Loveholic),2025.10.29,0.479,112,,,,,
그대만 있다면,러브홀릭 (Loveholic),2025.10.30,0.552,127,,,,,
그대만 있다면,러브홀릭 (Loveholic),2025.10.31,0.491,120,,,,,
그대만 있다면,러브홀릭 (Loveholic),2025.11.1,0.564,113,,,,,
그대만 있다면,러브홀릭 (Loveholic),2025.11.2,0.517,114,,,,,
그대만 있다면,러브홀릭 (Loveholic),2025.11.3,0.569,128,,,,,
그대만 있다면,러브홀릭 (Loveholic),2025.11.4,0.555,124,,,,,
그대만 있다면,러브홀릭 (Loveholic),2025.11.5,0.582,134,,,,,
그대만 있다면,러브홀릭 (Loveholic),2025.11.6,0.587,140,,,,,
그대만 있다면,러브홀릭 (Loveholic),2025.11.7,0.503,128,,,,,
그대만 있다면,러브홀릭 (Loveholic),2025.11.8,0.66,131,,,,,
그대만 있다면,러브홀릭 (Loveholic),2025.11.9,0.476,124,,,,,
그대만 있다면,러브홀릭 (Loveholic),2025.11.10,0.468,137,,,,,
그대만 있다면,러브홀릭 (Loveholic),2025.11.11,0.677,156,,,,,
그대만 있다면,러브홀릭 (Loveholic),2025.11.12,0.478,113,,,,,
그대만 있다면,러브홀릭 (Loveholic),2025.11.13,0.465,104,,,,,
그대만 있다면,러브홀릭 (Loveholic),2025.11.14,0.351,82,,,,,
그대만 있다면,러브홀릭 (Loveholic),2025.11.15,0.389,82,,,,,
그대만 있다면,러브홀릭 (Loveholic),2025.11.16,0.288,63,,,,,
그대만 있다면,러브홀릭 (Loveholic),2025.11.17,0.162,53,,,,,
그대만 있다면,러브홀릭 (Loveholic),2025.11.18,0.379,78,,,,,
그대만 있다면,러브홀릭 (Loveholic),2025.11.19,0.315,60,,,,,
그대만 있다면,러브홀릭 (Loveholic),2025.11.20,0.298,82,,,,,
그대만 있다면,러브홀릭 (Loveholic),2025.11.21,0.348,75,,,,,
그대만 있다면,러브홀릭 (Loveholic),2025.11.22,0.224,57,,,,,
그대만 있다면,러브홀릭 (Loveholic),2025.11.23,0.332,67,,,,,
그대만 있다면,러브홀릭 (Loveholic),2025.11.24,0.282,61,,,,,
그대만 있다면,러브홀릭 (Loveholic),2025.11.25,0.306,74,,,,,
그대만 있다면,러브홀릭 (Loveholic),2025.11.26,0.28,67,,,,,
그대만 있다면,러브홀릭 (Loveholic),2025.11.27,0.32,66,,,,,
그대만 있다면,러브홀릭 (Loveholic),2025.11.28,0.265,60,,,,,
그대만 있다면,러브홀릭 (Loveholic),2025.11.29,0.317,61,,,,,
그대만 있다면,러브홀릭 (Loveholic),2025.11.30,0.365,60,,,,,
그대만 있다면,러브홀릭 (Loveholic),2025.12.1,0.28,58,,,,,
그대만 있다면,러브홀릭 (Loveholic),2025.12.2,0.239,55,,,,,
그대만 있다면,러브홀릭 (Loveholic),2025.12.3,0.247,61,,,,,
그대만 있다면,러브홀릭 (Loveholic),2025.12.4,0.308,69,,,,,
그대만 있다면,러브홀릭 (Loveholic),2025.12.5,0.256,62,,,,,
그대만 있다면,러브홀릭 (Loveholic),2025.12.6,0.211,53,,,,,
그대만 있다면,러브홀릭 (Loveholic),2025.12.7,0.229,58,,,,,
그대만 있다면,러브홀릭 (Loveholic),2025.12.8,0.187,49,,,,,
그대만 있다면,러브홀릭 (Loveholic),2025.12.9,0.188,56,,,,,
그대만 있다면,러브홀릭 (Loveholic),2025.12.10,0.256,56,,,,,
그대만 있다면,러브홀릭 (Loveholic),2025.12.11,0.33,75,,,,,
그대만 있다면,러브홀릭 (Loveholic),2025.12.12,0.185,40,,,,,
그대만 있다면,러브홀릭 (Loveholic),2025.12.13,0.202,41,,,,,
그대만 있다면,러브홀릭 (Loveholic),2025.12.14,0.19,38,,,,,
그대만 있다면,러브홀릭 (Loveholic),2025.12.15,0.34,100,,,,,
그대만 있다면,러브홀릭 (Loveholic),2025.12.16,0.299,107,,,,,
그대만 있다면,러브홀릭 (Loveholic),2025.12.17,0.24,42,,,,,
그대만 있다면,러브홀릭 (Loveholic),2025.12.18,0.215,50,,,,,
그대만 있다면,러브홀릭 (Loveholic),2025.12.19,0.196,54,,,,,
그대만 있다면,러브홀릭 (Loveholic),2025.12.20,0.163,35,,,,,
그대만 있다면,러브홀릭 (Loveholic),2025.12.21,0.244,42,,,,,
그대만 있다면,러브홀릭 (Loveholic),2025.12.22,0.185,43,,,,,
그대만 있다면,러브홀릭 (Loveholic),2025.12.23,0.285,49,,,,,
그대만 있다면,러브홀릭 (Loveholic),2025.12.24,0.321,50,,,,,
그대만 있다면,러브홀릭 (Loveholic),2025.12.25,0.178,29,,,,,
그대만 있다면,러브홀릭 (Loveholic),2025.12.26,0.224,52,,,,,
그대만 있다면,러브홀릭 (Loveholic),2025.12.27,0.126,25,,,,,
그대만 있다면,러브홀릭 (Loveholic),2025.12.28,0.153,35,,,,,
그대만 있다면,러브홀릭 (Loveholic),2025.12.29,0.179,49,,,,,
그대만 있다면,러브홀릭 (Loveholic),2025.12.30,0.222,47,,,,,
그대만 있다면,러브홀릭 (Loveholic),2025.12.31,0.186,38,,,,,
혼술하고 싶은 밤,벤,2025.4.1,2.847,5089,,,,,
혼술하고 싶은 밤,벤,2025.4.2,3.242,5432,,,,,
혼술하고 싶은 밤,벤,2025.4.3,7.754,5951,,,,,
혼술하고 싶은 밤,벤,2025.4.4,12.853,6985,,,,,
혼술하고 싶은 밤,벤,2025.4.5,13.1,6459,,,,,
혼술하고 싶은 밤,벤,2025.4.6,15.169,6480,,,,,
혼술하고 싶은 밤,벤,2025.4.7,17.812,7322,,,,,
혼술하고 싶은 밤,벤,2025.4.8,17.519,7194,,,,,
혼술하고 싶은 밤,벤,2025.4.9,17.493,7079,,,,,
혼술하고 싶은 밤,벤,2025.4.10,19.678,7485,,,,,
혼술하고 싶은 밤,벤,2025.4.11,25.534,8526,,,,,
혼술하고 싶은 밤,벤,2025.4.12,22.439,7030,,,,,
혼술하고 싶은 밤,벤,2025.4.13,22.314,7629,,,,,
혼술하고 싶은 밤,벤,2025.4.14,24.85,7883,,,,,
혼술하고 싶은 밤,벤,2025.4.15,26.892,8361,,,,,
혼술하고 싶은 밤,벤,2025.4.16,25.384,8645,,,,,
혼술하고 싶은 밤,벤,2025.4.17,25.401,8976,,,,,
혼술하고 싶은 밤,벤,2025.4.18,60.216,16131,,,,,
혼술하고 싶은 밤,벤,2025.4.19,46.542,12754,,,,,
혼술하고 싶은 밤,벤,2025.4.20,47.303,13615,,,,,
혼술하고 싶은 밤,벤,2025.4.21,46.238,13759,,,,,
혼술하고 싶은 밤,벤,2025.4.22,42.223,13180,,,,,
혼술하고 싶은 밤,벤,2025.4.23,43.032,13395,,,,,
혼술하고 싶은 밤,벤,2025.4.24,44.594,13269,,,,,
혼술하고 싶은 밤,벤,2025.4.25,44.114,13071,,,,,
혼술하고 싶은 밤,벤,2025.4.26,39.549,10632,,,,,
혼술하고 싶은 밤,벤,2025.4.27,36.895,10114,,,,,
혼술하고 싶은 밤,벤,2025.4.28,39.682,10372,,,,,
혼술하고 싶은 밤,벤,2025.4.29,36.328,10290,,,,,
혼술하고 싶은 밤,벤,2025.4.30,35.014,9937,,,,,
혼술하고 싶은 밤,벤,2025.5.1,37.468,10355,,,,,
혼술하고 싶은 밤,벤,2025.5.2,36.33,10378,,,,,
혼술하고 싶은 밤,벤,2025.5.3,34.433,10722,,,,,
혼술하고 싶은 밤,벤,2025.5.4,34.005,9485,,,,,
혼술하고 싶은 밤,벤,2025.5.5,32.04,8588,,,,,
혼술하고 싶은 밤,벤,2025.5.6,31.352,8578,,,,,
혼술하고 싶은 밤,벤,2025.5.7,33.359,8735,,,,,
혼술하고 싶은 밤,벤,2025.5.8,33.597,9049,,,,,
혼술하고 싶은 밤,벤,2025.5.9,33.485,9427,,,,,
혼술하고 싶은 밤,벤,2025.5.10,49.663,20397,음색으로 컴퓨터실 점령함,"410,900","15,800",47,수급
혼술하고 싶은 밤,벤,2025.5.11,99.503,36764,,,,,
혼술하고 싶은 밤,벤,2025.5.12,88.541,30047,,,,,
혼술하고 싶은 밤,벤,2025.5.13,85.292,27575,,,,,
혼술하고 싶은 밤,벤,2025.5.14,90.213,28436,,,,,
혼술하고 싶은 밤,벤,2025.5.15,119.91,37238,,,,,
혼술하고 싶은 밤,벤,2025.5.16,86.958,28632,,,,,
혼술하고 싶은 밤,벤,2025.5.17,58.04,17485,,,,,
혼술하고 싶은 밤,벤,2025.5.18,56.258,16305,,,,,
혼술하고 싶은 밤,벤,2025.5.19,55.396,16916,,,,,
혼술하고 싶은 밤,벤,2025.5.20,56.78,17431,,,,,
혼술하고 싶은 밤,벤,2025.5.21,55.917,16641,,,,,
혼술하고 싶은 밤,벤,2025.5.22,58.016,16898,,,,,
혼술하고 싶은 밤,벤,2025.5.23,55.326,16800,,,,,
혼술하고 싶은 밤,벤,2025.5.24,46.777,13971,,,,,
혼술하고 싶은 밤,벤,2025.5.25,44.441,13433,,,,,
혼술하고 싶은 밤,벤,2025.5.26,52.412,17607,,,,,
혼술하고 싶은 밤,벤,2025.5.27,57.289,16393,,,,,
혼술하고 싶은 밤,벤,2025.5.28,60.507,17006,,,,,
혼술하고 싶은 밤,벤,2025.5.29,58.068,19416,,,,,
혼술하고 싶은 밤,벤,2025.5.30,51.3,16899,,,,,
혼술하고 싶은 밤,벤,2025.5.31,50.118,14643,,,,,
혼술하고 싶은 밤,벤,2025.6.1,53.943,15083,,,,,
혼술하고 싶은 밤,벤,2025.6.2,52.571,15488,,,,,
혼술하고 싶은 밤,벤,2025.6.3,52.085,14288,,,,,
혼술하고 싶은 밤,벤,2025.6.4,56.609,15870,,,,,
혼술하고 싶은 밤,벤,2025.6.5,61.645,17729,,,,,
혼술하고 싶은 밤,벤,2025.6.6,62.751,16257,,,,,
혼술하고 싶은 밤,벤,2025.6.7,60.495,15061,,,,,
혼술하고 싶은 밤,벤,2025.6.8,53.302,13852,,,,,
혼술하고 싶은 밤,벤,2025.6.9,58.701,14864,,,,,
혼술하고 싶은 밤,벤,2025.6.10,63.183,16029,,,,,
혼술하고 싶은 밤,벤,2025.6.11,66.679,17377,,,,,
혼술하고 싶은 밤,벤,2025.6.12,67.644,17518,,,,,
혼술하고 싶은 밤,벤,2025.6.13,65.973,17498,,,,,
혼술하고 싶은 밤,벤,2025.6.14,61.929,15678,,,,,
혼술하고 싶은 밤,벤,2025.6.15,64.137,15914,,,,,
혼술하고 싶은 밤,벤,2025.6.16,69.155,18077,,,,,
혼술하고 싶은 밤,벤,2025.6.17,68.48,18385,,,,,
혼술하고 싶은 밤,벤,2025.6.18,61.512,16435,,,,,
혼술하고 싶은 밤,벤,2025.6.19,46.817,13606,,,,,
혼술하고 싶은 밤,벤,2025.6.20,45.958,12623,,,,,
혼술하고 싶은 밤,벤,2025.6.21,49.007,12369,,,,,
혼술하고 싶은 밤,벤,2025.6.22,52.032,13424,,,,,
혼술하고 싶은 밤,벤,2025.6.23,51.454,13357,,,,,
혼술하고 싶은 밤,벤,2025.6.24,49.485,12679,,,,,
혼술하고 싶은 밤,벤,2025.6.25,44.394,12037,,,,,
혼술하고 싶은 밤,벤,2025.6.26,46.21,12687,,,,,
혼술하고 싶은 밤,벤,2025.6.27,49.433,13474,,,,,
혼술하고 싶은 밤,벤,2025.6.28,44.751,11610,,,,,
혼술하고 싶은 밤,벤,2025.6.29,44.021,11911,,,,,
혼술하고 싶은 밤,벤,2025.6.30,45.598,22644,,,,,
혼술하고 싶은 밤,벤,2025.7.1,41.216,12425,,,,,
혼술하고 싶은 밤,벤,2025.7.2,41.54,11479,,,,,
혼술하고 싶은 밤,벤,2025.7.3,40.957,11696,,,,,
혼술하고 싶은 밤,벤,2025.7.4,37.315,11614,,,,,
혼술하고 싶은 밤,벤,2025.7.5,37.368,10071,,,,,
혼술하고 싶은 밤,벤,2025.7.6,34.386,9261,,,,,
혼술하고 싶은 밤,벤,2025.7.7,34.154,10374,,,,,
혼술하고 싶은 밤,벤,2025.7.8,35.158,10638,,,,,
혼술하고 싶은 밤,벤,2025.7.9,38.024,9761,,,,,
혼술하고 싶은 밤,벤,2025.7.10,34.15,10218,,,,,
혼술하고 싶은 밤,벤,2025.7.11,31.125,9590,,,,,
혼술하고 싶은 밤,벤,2025.7.12,30.508,8712,,,,,
혼술하고 싶은 밤,벤,2025.7.13,38.955,10326,,,,,
혼술하고 싶은 밤,벤,2025.7.14,41.442,11030,,,,,
혼술하고 싶은 밤,벤,2025.7.15,38.329,10298,,,,,
혼술하고 싶은 밤,벤,2025.7.16,44.875,12003,,,,,
혼술하고 싶은 밤,벤,2025.7.17,44.708,11547,,,,,
혼술하고 싶은 밤,벤,2025.7.18,42.732,11550,,,,,
혼술하고 싶은 밤,벤,2025.7.19,38.647,9528,,,,,
혼술하고 싶은 밤,벤,2025.7.20,34.409,8961,,,,,
혼술하고 싶은 밤,벤,2025.7.21,33.774,9359,,,,,
혼술하고 싶은 밤,벤,2025.7.22,31.461,8755,,,,,
혼술하고 싶은 밤,벤,2025.7.23,37.623,9898,,,,,
혼술하고 싶은 밤,벤,2025.7.24,35.239,9845,,,,,
혼술하고 싶은 밤,벤,2025.7.25,33.476,9440,,,,,
혼술하고 싶은 밤,벤,2025.7.26,28.862,7565,,,,,
혼술하고 싶은 밤,벤,2025.7.27,28.071,7703,,,,,
혼술하고 싶은 밤,벤,2025.7.28,29.338,9500,,,,,
혼술하고 싶은 밤,벤,2025.7.29,28.735,8275,,,,,
혼술하고 싶은 밤,벤,2025.7.30,28.179,7810,,,,,
혼술하고 싶은 밤,벤,2025.7.31,26.763,7997,,,,,
혼술하고 싶은 밤,벤,2025.8.1,26.535,7835,,,,,
혼술하고 싶은 밤,벤,2025.8.2,26.763,7002,,,,,
혼술하고 싶은 밤,벤,2025.8.3,25.149,7020,,,,,
혼술하고 싶은 밤,벤,2025.8.4,24.469,7120,,,,,
혼술하고 싶은 밤,벤,2025.8.5,24.972,7142,,,,,
혼술하고 싶은 밤,벤,2025.8.6,24.807,7422,,,,,
혼술하고 싶은 밤,벤,2025.8.7,24.585,7423,,,,,
혼술하고 싶은 밤,벤,2025.8.8,25.404,7711,,,,,
혼술하고 싶은 밤,벤,2025.8.9,23.636,7142,,,,,
혼술하고 싶은 밤,벤,2025.8.10,25.172,7197,,,,,
혼술하고 싶은 밤,벤,2025.8.11,25.546,7366,,,,,
혼술하고 싶은 밤,벤,2025.8.12,23.719,7231,,,,,
혼술하고 싶은 밤,벤,2025.8.13,25.208,7430,,,,,
혼술하고 싶은 밤,벤,2025.8.14,23.149,7190,,,,,
혼술하고 싶은 밤,벤,2025.8.15,23.056,6965,,,,,
혼술하고 싶은 밤,벤,2025.8.16,22.305,6474,,,,,
혼술하고 싶은 밤,벤,2025.8.17,24.774,6982,,,,,
혼술하고 싶은 밤,벤,2025.8.18,24.72,7433,,,,,
혼술하고 싶은 밤,벤,2025.8.19,25.723,7726,,,,,
혼술하고 싶은 밤,벤,2025.8.20,36.396,9599,,,,,
혼술하고 싶은 밤,벤,2025.8.21,37.993,10147,,,,,
혼술하고 싶은 밤,벤,2025.8.22,36.564,10252,,,,,
혼술하고 싶은 밤,벤,2025.8.23,27.903,7640,,,,,
혼술하고 싶은 밤,벤,2025.8.24,29.811,7850,,,,,
혼술하고 싶은 밤,벤,2025.8.25,27.213,7688,,,,,
혼술하고 싶은 밤,벤,2025.8.26,27.312,7983,,,,,
혼술하고 싶은 밤,벤,2025.8.27,27.203,8123,,,,,
혼술하고 싶은 밤,벤,2025.8.28,26.355,7729,,,,,
혼술하고 싶은 밤,벤,2025.8.29,26.316,8326,,,,,
혼술하고 싶은 밤,벤,2025.8.30,27.129,7451,,,,,
혼술하고 싶은 밤,벤,2025.8.31,25.823,7106,,,,,
혼술하고 싶은 밤,벤,2025.9.1,27.021,7353,,,,,
혼술하고 싶은 밤,벤,2025.9.2,25.908,7150,,,,,
혼술하고 싶은 밤,벤,2025.9.3,25.072,7233,,,,,
혼술하고 싶은 밤,벤,2025.9.4,26.534,7786,,,,,
혼술하고 싶은 밤,벤,2025.9.5,26.204,7938,,,,,
혼술하고 싶은 밤,벤,2025.9.6,23.478,6567,,,,,
혼술하고 싶은 밤,벤,2025.9.7,24.501,6827,,,,,
혼술하고 싶은 밤,벤,2025.9.8,24.596,7156,,,,,
혼술하고 싶은 밤,벤,2025.9.9,25.576,7367,,,,,
혼술하고 싶은 밤,벤,2025.9.10,24.119,7093,,,,,
혼술하고 싶은 밤,벤,2025.9.11,24.043,7205,,,,,
혼술하고 싶은 밤,벤,2025.9.12,24.631,7383,,,,,
혼술하고 싶은 밤,벤,2025.9.13,21.582,6411,,,,,
혼술하고 싶은 밤,벤,2025.9.14,23.89,6751,,,,,
혼술하고 싶은 밤,벤,2025.9.15,24.145,7033,,,,,
혼술하고 싶은 밤,벤,2025.9.16,25.883,7515,,,,,
혼술하고 싶은 밤,벤,2025.9.17,28.886,8000,,,,,
혼술하고 싶은 밤,벤,2025.9.18,28.439,10595,,,,,
혼술하고 싶은 밤,벤,2025.9.19,25.883,8923,,,,,
혼술하고 싶은 밤,벤,2025.9.20,23.779,7085,,,,,
혼술하고 싶은 밤,벤,2025.9.21,26.402,7595,,,,,
혼술하고 싶은 밤,벤,2025.9.22,27.649,7818,,,,,
혼술하고 싶은 밤,벤,2025.9.23,28.165,7929,,,,,
혼술하고 싶은 밤,벤,2025.9.24,29.899,8219,,,,,
혼술하고 싶은 밤,벤,2025.9.25,29.81,8303,,,,,
혼술하고 싶은 밤,벤,2025.9.26,28.928,8245,,,,,
혼술하고 싶은 밤,벤,2025.9.27,27.494,8010,,,,,
혼술하고 싶은 밤,벤,2025.9.28,36.549,9205,,,,,
혼술하고 싶은 밤,벤,2025.9.29,37.874,9846,,,,,
혼술하고 싶은 밤,벤,2025.9.30,34.04,9116,,,,,
혼술하고 싶은 밤,벤,2025.10.1,41.52,11462,,,,,
혼술하고 싶은 밤,벤,2025.10.2,46.206,12693,,,,,
혼술하고 싶은 밤,벤,2025.10.3,48.232,12752,,,,,
혼술하고 싶은 밤,벤,2025.10.4,47.275,12103,,,,,
혼술하고 싶은 밤,벤,2025.10.5,46.104,11706,,,,,
혼술하고 싶은 밤,벤,2025.10.6,32.506,8263,,,,,
혼술하고 싶은 밤,벤,2025.10.7,33.502,8591,,,,,
혼술하고 싶은 밤,벤,2025.10.8,31.746,8591,,,,,
혼술하고 싶은 밤,벤,2025.10.9,34.915,9565,,,,,
혼술하고 싶은 밤,벤,2025.10.10,35.033,9528,,,,,
혼술하고 싶은 밤,벤,2025.10.11,30.232,8177,,,,,
혼술하고 싶은 밤,벤,2025.10.12,28.985,8179,,,,,
혼술하고 싶은 밤,벤,2025.10.13,30.731,8525,,,,,
혼술하고 싶은 밤,벤,2025.10.14,31.283,8884,,,,,
혼술하고 싶은 밤,벤,2025.10.15,30.506,8921,,,,,
혼술하고 싶은 밤,벤,2025.10.16,28.917,8566,,,,,
혼술하고 싶은 밤,벤,2025.10.17,28.516,8618,,,,,
혼술하고 싶은 밤,벤,2025.10.18,24.476,7505,,,,,
혼술하고 싶은 밤,벤,2025.10.19,25.072,7171,,,,,
혼술하고 싶은 밤,벤,2025.10.20,24.045,7029,,,,,
혼술하고 싶은 밤,벤,2025.10.21,23.72,7416,,,,,
혼술하고 싶은 밤,벤,2025.10.22,24.779,7840,,,,,
혼술하고 싶은 밤,벤,2025.10.23,23.538,7231,,,,,
혼술하고 싶은 밤,벤,2025.10.24,22.849,7318,,,,,
혼술하고 싶은 밤,벤,2025.10.25,24.983,7211,,,,,
혼술하고 싶은 밤,벤,2025.10.26,26.735,8153,,,,,
혼술하고 싶은 밤,벤,2025.10.27,26.43,8558,,,,,
혼술하고 싶은 밤,벤,2025.10.28,26.649,8125,,,,,
혼술하고 싶은 밤,벤,2025.10.29,26.907,7859,,,,,
혼술하고 싶은 밤,벤,2025.10.30,27.579,8412,,,,,
혼술하고 싶은 밤,벤,2025.10.31,25.805,7807,,,,,
혼술하고 싶은 밤,벤,2025.11.1,30.411,7854,,,,,
혼술하고 싶은 밤,벤,2025.11.2,34.385,9039,,,,,
혼술하고 싶은 밤,벤,2025.11.3,34.409,10219,,,,,
혼술하고 싶은 밤,벤,2025.11.4,38.123,9582,,,,,
혼술하고 싶은 밤,벤,2025.11.5,35.417,8772,,,,,
혼술하고 싶은 밤,벤,2025.11.6,30.37,8267,,,,,
혼술하고 싶은 밤,벤,2025.11.7,27.946,7720,,,,,
혼술하고 싶은 밤,벤,2025.11.8,26.826,6761,,,,,
혼술하고 싶은 밤,벤,2025.11.9,26.434,6587,,,,,
혼술하고 싶은 밤,벤,2025.11.10,29.489,7542,,,,,
혼술하고 싶은 밤,벤,2025.11.11,27.467,7402,,,,,
혼술하고 싶은 밤,벤,2025.11.12,28.124,7459,,,,,
혼술하고 싶은 밤,벤,2025.11.13,26.823,7249,,,,,
혼술하고 싶은 밤,벤,2025.11.14,28.616,9107,,,,,
혼술하고 싶은 밤,벤,2025.11.15,26.84,8222,,,,,
혼술하고 싶은 밤,벤,2025.11.16,28.65,7844,,,,,
혼술하고 싶은 밤,벤,2025.11.17,28.927,7791,,,,,
혼술하고 싶은 밤,벤,2025.11.18,27.474,7764,,,,,
혼술하고 싶은 밤,벤,2025.11.19,28.694,8689,,,,,
혼술하고 싶은 밤,벤,2025.11.20,30.624,10007,,,,,
혼술하고 싶은 밤,벤,2025.11.21,27.83,8744,,,,,
혼술하고 싶은 밤,벤,2025.11.22,26.094,6628,,,,,
혼술하고 싶은 밤,벤,2025.11.23,26.183,6727,,,,,
혼술하고 싶은 밤,벤,2025.11.24,27.538,7299,,,,,
혼술하고 싶은 밤,벤,2025.11.25,27.351,7250,,,,,
혼술하고 싶은 밤,벤,2025.11.26,27.171,7112,,,,,
혼술하고 싶은 밤,벤,2025.11.27,28.644,7236,,,,,
혼술하고 싶은 밤,벤,2025.11.28,26.54,7076,,,,,
혼술하고 싶은 밤,벤,2025.11.29,26.135,6638,,,,,
혼술하고 싶은 밤,벤,2025.11.30,27.819,7003,,,,,
혼술하고 싶은 밤,벤,2025.12.1,30.386,9856,,,,,
혼술하고 싶은 밤,벤,2025.12.2,29.808,9058,,,,,
혼술하고 싶은 밤,벤,2025.12.3,27.847,7799,,,,,
혼술하고 싶은 밤,벤,2025.12.4,26.184,9056,,,,,
혼술하고 싶은 밤,벤,2025.12.5,24.382,6765,,,,,
혼술하고 싶은 밤,벤,2025.12.6,22.389,5983,,,,,
혼술하고 싶은 밤,벤,2025.12.7,23.578,6247,,,,,
혼술하고 싶은 밤,벤,2025.12.8,25.04,6736,,,,,
혼술하고 싶은 밤,벤,2025.12.9,25.338,7118,,,,,
혼술하고 싶은 밤,벤,2025.12.10,24.248,6793,,,,,
혼술하고 싶은 밤,벤,2025.12.11,24.577,7106,,,,,
혼술하고 싶은 밤,벤,2025.12.12,24.938,6940,,,,,
혼술하고 싶은 밤,벤,2025.12.13,23.488,6167,,,,,
혼술하고 싶은 밤,벤,2025.12.14,27.049,6762,,,,,
혼술하고 싶은 밤,벤,2025.12.15,27.372,7349,,,,,
혼술하고 싶은 밤,벤,2025.12.16,26.63,7240,,,,,
혼술하고 싶은 밤,벤,2025.12.17,25.983,7080,,,,,
혼술하고 싶은 밤,벤,2025.12.18,25.479,7004,,,,,
혼술하고 싶은 밤,벤,2025.12.19,25.555,7332,,,,,
혼술하고 싶은 밤,벤,2025.12.20,25.512,11137,,,,,
혼술하고 싶은 밤,벤,2025.12.21,26.566,8603,,,,,
혼술하고 싶은 밤,벤,2025.12.22,27.326,7617,,,,,
혼술하고 싶은 밤,벤,2025.12.23,27.539,7551,,,,,
혼술하고 싶은 밤,벤,2025.12.24,24.662,6380,,,,,
혼술하고 싶은 밤,벤,2025.12.25,24.601,6528,,,,,
혼술하고 싶은 밤,벤,2025.12.26,25.411,6791,,,,,
혼술하고 싶은 밤,벤,2025.12.27,25.694,6330,,,,,
혼술하고 싶은 밤,벤,2025.12.28,26.254,6522,,,,,
혼술하고 싶은 밤,벤,2025.12.29,26.272,6921,,,,,
혼술하고 싶은 밤,벤,2025.12.30,24.356,6647,,,,,
혼술하고 싶은 밤,벤,2025.12.31,22.53,5716,,,,,
처음 느낌 그대로,이소라,2025.4.1,3.84,5983,,,,,
처음 느낌 그대로,이소라,2025.4.2,4.686,6288,,,,,
처음 느낌 그대로,이소라,2025.4.3,4.568,5922,,,,,
처음 느낌 그대로,이소라,2025.4.4,7.275,6131,,,,,
처음 느낌 그대로,이소라,2025.4.5,11.675,7562,,,,,
처음 느낌 그대로,이소라,2025.4.6,10.866,7998,,,,,
처음 느낌 그대로,이소라,2025.4.7,13.032,7067,,,,,
처음 느낌 그대로,이소라,2025.4.8,16.985,7507,,,,,
처음 느낌 그대로,이소라,2025.4.9,19.366,8734,,,,,
처음 느낌 그대로,이소라,2025.4.10,18.917,7825,,,,,
처음 느낌 그대로,이소라,2025.4.11,19.008,8347,,,,,
처음 느낌 그대로,이소라,2025.4.12,19.75,7868,,,,,
처음 느낌 그대로,이소라,2025.4.13,19.196,7274,,,,,
처음 느낌 그대로,이소라,2025.4.14,20.502,7608,,,,,
처음 느낌 그대로,이소라,2025.4.15,20.797,7552,,,,,
처음 느낌 그대로,이소라,2025.4.16,20.618,7191,,,,,
처음 느낌 그대로,이소라,2025.4.17,20.701,7163,,,,,
처음 느낌 그대로,이소라,2025.4.18,21.005,7339,,,,,
처음 느낌 그대로,이소라,2025.4.19,20.316,6604,,,,,
처음 느낌 그대로,이소라,2025.4.20,17.8,6197,,,,,
처음 느낌 그대로,이소라,2025.4.21,20.627,7123,,,,,
처음 느낌 그대로,이소라,2025.4.22,8.708,1796,,,,,
처음 느낌 그대로,이소라,2025.4.23,8.847,1808,,,,,
처음 느낌 그대로,이소라,2025.4.24,9.404,1942,,,,,
처음 느낌 그대로,이소라,2025.4.25,10.138,2061,,,,,
처음 느낌 그대로,이소라,2025.4.26,10.982,2053,,,,,
처음 느낌 그대로,이소라,2025.4.27,10.386,1965,,,,,
처음 느낌 그대로,이소라,2025.4.28,9.818,2014,,,,,
처음 느낌 그대로,이소라,2025.4.29,9.671,2087,,,,,
처음 느낌 그대로,이소라,2025.4.30,10.475,2116,,,,,
처음 느낌 그대로,이소라,2025.5.1,19.212,7194,,,,,
처음 느낌 그대로,이소라,2025.5.2,20.805,6881,,,,,
처음 느낌 그대로,이소라,2025.5.3,19.683,6547,,,,,
처음 느낌 그대로,이소라,2025.5.4,22.328,6948,,,,,
처음 느낌 그대로,이소라,2025.5.5,22.668,8430,,,,,
처음 느낌 그대로,이소라,2025.5.6,19.921,8447,,,,,
처음 느낌 그대로,이소라,2025.5.7,27.892,9322,,,,,
처음 느낌 그대로,이소라,2025.5.8,30.315,10109,,,,,
처음 느낌 그대로,이소라,2025.5.9,31.354,12807,,,,,
처음 느낌 그대로,이소라,2025.5.10,34.632,10272,,,,,
처음 느낌 그대로,이소라,2025.5.11,30.812,9257,,,,,
처음 느낌 그대로,이소라,2025.5.12,34.93,10487,,,,,
처음 느낌 그대로,이소라,2025.5.13,42.162,12728,,,,,
처음 느낌 그대로,이소라,2025.5.14,39.4,11405,,,,,
처음 느낌 그대로,이소라,2025.5.15,36.216,12021,,,,,
처음 느낌 그대로,이소라,2025.5.16,32.886,10302,,,,,
처음 느낌 그대로,이소라,2025.5.17,36.423,10404,,,,,
처음 느낌 그대로,이소라,2025.5.18,34.598,10533,,,,,
처음 느낌 그대로,이소라,2025.5.19,31.06,10115,,,,,
처음 느낌 그대로,이소라,2025.5.20,28.05,10356,,,,,
처음 느낌 그대로,이소라,2025.5.21,28.655,9674,,,,,
처음 느낌 그대로,이소라,2025.5.22,26.856,9558,,,,,
처음 느낌 그대로,이소라,2025.5.23,27.841,9980,,,,,
처음 느낌 그대로,이소라,2025.5.24,28.212,8586,,,,,
처음 느낌 그대로,이소라,2025.5.25,26.051,8034,,,,,
처음 느낌 그대로,이소라,2025.5.26,24.57,8453,,,,,
처음 느낌 그대로,이소라,2025.5.27,15.799,2981,,,,,
처음 느낌 그대로,이소라,2025.5.28,15.393,2940,,,,,
처음 느낌 그대로,이소라,2025.5.29,13.21,2721,,,,,
처음 느낌 그대로,이소라,2025.5.30,8.884,3395,,,,,
처음 느낌 그대로,이소라,2025.5.31,18.486,3273,,,,,
처음 느낌 그대로,이소라,2025.6.1,16.843,3089,,,,,
처음 느낌 그대로,이소라,2025.6.2,19.369,3582,,,,,
처음 느낌 그대로,이소라,2025.6.3,17.282,3070,,,,,
처음 느낌 그대로,이소라,2025.6.4,17.269,3412,,,,,
처음 느낌 그대로,이소라,2025.6.5,18.906,3607,,,,,
처음 느낌 그대로,이소라,2025.6.6,19.68,3547,,,,,
처음 느낌 그대로,이소라,2025.6.7,20.23,3345,,,,,
처음 느낌 그대로,이소라,2025.6.8,16.995,2943,,,,,
처음 느낌 그대로,이소라,2025.6.9,15.786,3042,,,,,
처음 느낌 그대로,이소라,2025.6.10,16.283,3113,,,,,
처음 느낌 그대로,이소라,2025.6.11,16.582,3233,,,,,
처음 느낌 그대로,이소라,2025.6.12,17.154,3346,,,,,
처음 느낌 그대로,이소라,2025.6.13,20.838,4102,,,,,
처음 느낌 그대로,이소라,2025.6.14,22.204,3772,,,,,
처음 느낌 그대로,이소라,2025.6.15,22.318,4034,,,,,
처음 느낌 그대로,이소라,2025.6.16,22.634,4645,,,,,
처음 느낌 그대로,이소라,2025.6.17,22.358,4450,,,,,
처음 느낌 그대로,이소라,2025.6.18,22.456,4562,,,,,
처음 느낌 그대로,이소라,2025.6.19,25.232,4984,,,,,
처음 느낌 그대로,이소라,2025.6.20,30.178,5971,,,,,
처음 느낌 그대로,이소라,2025.6.21,31.49,5468,,,,,
처음 느낌 그대로,이소라,2025.6.22,23.149,4277,,,,,
처음 느낌 그대로,이소라,2025.6.23,22.092,4294,,,,,
처음 느낌 그대로,이소라,2025.6.24,24.803,4706,,,,,
처음 느낌 그대로,이소라,2025.6.25,23.421,4676,,,,,
처음 느낌 그대로,이소라,2025.6.26,21.777,4316,,,,,
처음 느낌 그대로,이소라,2025.6.27,27.952,5649,,,,,
처음 느낌 그대로,이소라,2025.6.28,26.682,4563,,,,,
처음 느낌 그대로,이소라,2025.6.29,19.764,3515,,,,,
처음 느낌 그대로,이소라,2025.6.30,17.895,3322,,,,,
처음 느낌 그대로,이소라,2025.7.1,18.066,3287,,,,,
처음 느낌 그대로,이소라,2025.7.2,17.912,3503,,,,,
처음 느낌 그대로,이소라,2025.7.3,17.375,3325,,,,,
처음 느낌 그대로,이소라,2025.7.4,18.001,3545,,,,,
처음 느낌 그대로,이소라,2025.7.5,18.489,3227,,,,,
처음 느낌 그대로,이소라,2025.7.6,18.35,3256,,,,,
처음 느낌 그대로,이소라,2025.7.7,18.939,3661,,,,,
처음 느낌 그대로,이소라,2025.7.8,18.827,3704,,,,,
처음 느낌 그대로,이소라,2025.7.9,16.48,3148,,,,,
처음 느낌 그대로,이소라,2025.7.10,15.652,3279,,,,,
처음 느낌 그대로,이소라,2025.7.11,17.612,3849,,,,,
처음 느낌 그대로,이소라,2025.7.12,18.208,3461,,,,,
처음 느낌 그대로,이소라,2025.7.13,19.294,3830,,,,,
처음 느낌 그대로,이소라,2025.7.14,21.949,4691,,,,,
처음 느낌 그대로,이소라,2025.7.15,22.744,4877,,,,,
처음 느낌 그대로,이소라,2025.7.16,28.901,6135,,,,,
처음 느낌 그대로,이소라,2025.7.17,27.943,6148,,,,,
처음 느낌 그대로,이소라,2025.7.18,23.138,5105,,,,,
처음 느낌 그대로,이소라,2025.7.19,22.911,4423,,,,,
처음 느낌 그대로,이소라,2025.7.20,20.744,4317,,,,,
처음 느낌 그대로,이소라,2025.7.21,20.184,4332,,,,,
처음 느낌 그대로,이소라,2025.7.22,19.505,4172,,,,,
처음 느낌 그대로,이소라,2025.7.23,17.954,3783,,,,,
처음 느낌 그대로,이소라,2025.7.24,17.782,3933,,,,,
처음 느낌 그대로,이소라,2025.7.25,19.211,4307,,,,,
처음 느낌 그대로,이소라,2025.7.26,19.484,3657,,,,,
처음 느낌 그대로,이소라,2025.7.27,16.775,3275,,,,,
처음 느낌 그대로,이소라,2025.7.28,17.543,3594,,,,,
처음 느낌 그대로,이소라,2025.7.29,17.183,3644,,,,,
처음 느낌 그대로,이소라,2025.7.30,19.452,4149,,,,,
처음 느낌 그대로,이소라,2025.7.31,20.768,4435,,,,,
처음 느낌 그대로,이소라,2025.8.1,21.068,4462,,,,,
처음 느낌 그대로,이소라,2025.8.2,21.137,4078,,,,,
처음 느낌 그대로,이소라,2025.8.3,21.887,4167,,,,,
처음 느낌 그대로,이소라,2025.8.4,19.877,4108,,,,,
처음 느낌 그대로,이소라,2025.8.5,21.216,4402,,,,,
처음 느낌 그대로,이소라,2025.8.6,18.615,3989,,,,,
처음 느낌 그대로,이소라,2025.8.7,19.203,4275,,,,,
처음 느낌 그대로,이소라,2025.8.8,19.15,4264,,,,,
처음 느낌 그대로,이소라,2025.8.9,22.01,4253,,,,,
처음 느낌 그대로,이소라,2025.8.10,23.479,4776,,,,,
처음 느낌 그대로,이소라,2025.8.11,22.628,4893,,,,,
처음 느낌 그대로,이소라,2025.8.12,20.896,4485,,,,,
처음 느낌 그대로,이소라,2025.8.13,22.171,4840,,,,,
처음 느낌 그대로,이소라,2025.8.14,26.147,5668,,,,,
처음 느낌 그대로,이소라,2025.8.15,23.945,4869,,,,,
처음 느낌 그대로,이소라,2025.8.16,25.946,4748,,,,,
처음 느낌 그대로,이소라,2025.8.17,23.565,4489,,,,,
처음 느낌 그대로,이소라,2025.8.18,20.127,4172,,,,,
처음 느낌 그대로,이소라,2025.8.19,20.552,4119,,,,,
처음 느낌 그대로,이소라,2025.8.20,19.132,3969,,,,,
처음 느낌 그대로,이소라,2025.8.21,18.625,4057,,,,,
처음 느낌 그대로,이소라,2025.8.22,20.348,4458,,,,,
처음 느낌 그대로,이소라,2025.8.23,22.153,4181,,,,,
처음 느낌 그대로,이소라,2025.8.24,21.035,4061,,,,,
처음 느낌 그대로,이소라,2025.8.25,18.999,3946,,,,,
처음 느낌 그대로,이소라,2025.8.26,19.982,4155,,,,,
처음 느낌 그대로,이소라,2025.8.27,21.858,4544,,,,,
처음 느낌 그대로,이소라,2025.8.28,21.062,4599,,,,,
처음 느낌 그대로,이소라,2025.8.29,22.2,4954,,,,,
처음 느낌 그대로,이소라,2025.8.30,22.974,4513,,,,,
처음 느낌 그대로,이소라,2025.8.31,22.394,4377,,,,,
처음 느낌 그대로,이소라,2025.9.1,22.733,4508,,,,,
처음 느낌 그대로,이소라,2025.9.2,23.816,4869,,,,,
처음 느낌 그대로,이소라,2025.9.3,30.623,6414,,,,,
처음 느낌 그대로,이소라,2025.9.4,30.766,6742,,,,,
처음 느낌 그대로,이소라,2025.9.5,31.861,7033,,,,,
처음 느낌 그대로,이소라,2025.9.6,32.319,6023,,,,,
처음 느낌 그대로,이소라,2025.9.7,32.491,6500,,,,,
처음 느낌 그대로,이소라,2025.9.8,33.298,7177,,,,,
처음 느낌 그대로,이소라,2025.9.9,28.618,6113,,,,,
처음 느낌 그대로,이소라,2025.9.10,27.774,5982,,,,,
처음 느낌 그대로,이소라,2025.9.11,28.836,6225,,,,,
처음 느낌 그대로,이소라,2025.9.12,27.482,5809,,,,,
처음 느낌 그대로,이소라,2025.9.13,25.422,4591,,,,,
처음 느낌 그대로,이소라,2025.9.14,21.188,4152,,,,,
처음 느낌 그대로,이소라,2025.9.15,21.393,4367,,,,,
처음 느낌 그대로,이소라,2025.9.16,22.166,4517,,,,,
처음 느낌 그대로,이소라,2025.9.17,24.565,5034,,,,,
처음 느낌 그대로,이소라,2025.9.18,23.281,5071,,,,,
처음 느낌 그대로,이소라,2025.9.19,26.733,5749,,,,,
처음 느낌 그대로,이소라,2025.9.20,27.935,5292,,,,,
처음 느낌 그대로,이소라,2025.9.21,25.699,5249,,,,,
처음 느낌 그대로,이소라,2025.9.22,22.079,4781,,,,,
처음 느낌 그대로,이소라,2025.9.23,22.569,4898,,,,,
처음 느낌 그대로,이소라,2025.9.24,21.813,4641,,,,,
처음 느낌 그대로,이소라,2025.9.25,22.666,4910,,,,,
처음 느낌 그대로,이소라,2025.9.26,20.625,4599,,,,,
처음 느낌 그대로,이소라,2025.9.27,20.392,3750,,,,,
처음 느낌 그대로,이소라,2025.9.28,18.091,3529,,,,,
처음 느낌 그대로,이소라,2025.9.29,15.755,3384,,,,,
처음 느낌 그대로,이소라,2025.9.30,15.158,3260,,,,,
처음 느낌 그대로,이소라,2025.10.1,15.725,3503,,,,,
처음 느낌 그대로,이소라,2025.10.2,16.902,3740,,,,,
처음 느낌 그대로,이소라,2025.10.3,21.51,4432,,,,,
처음 느낌 그대로,이소라,2025.10.4,22.192,4415,,,,,
처음 느낌 그대로,이소라,2025.10.5,24.668,4652,,,,,
처음 느낌 그대로,이소라,2025.10.6,29.782,5647,,,,,
처음 느낌 그대로,이소라,2025.10.7,30.563,6148,,,,,
처음 느낌 그대로,이소라,2025.10.8,28.666,6048,,,,,
처음 느낌 그대로,이소라,2025.10.9,28.368,6090,,,,,
처음 느낌 그대로,이소라,2025.10.10,22.814,4872,,,,,
처음 느낌 그대로,이소라,2025.10.11,20.634,4159,,,,,
처음 느낌 그대로,이소라,2025.10.12,24.219,5081,,,,,
처음 느낌 그대로,이소라,2025.10.13,23.02,5158,,,,,
처음 느낌 그대로,이소라,2025.10.14,21.55,4978,,,,,
처음 느낌 그대로,이소라,2025.10.15,24.742,5752,,,,,
처음 느낌 그대로,이소라,2025.10.16,21.874,5260,,,,,
처음 느낌 그대로,이소라,2025.10.17,20.536,4765,,,,,
처음 느낌 그대로,이소라,2025.10.18,21.28,4315,,,,,
처음 느낌 그대로,이소라,2025.10.19,20.049,4166,,,,,
처음 느낌 그대로,이소라,2025.10.20,19.154,4294,,,,,
처음 느낌 그대로,이소라,2025.10.21,19.303,4186,,,,,
처음 느낌 그대로,이소라,2025.10.22,20.061,4461,,,,,
처음 느낌 그대로,이소라,2025.10.23,19.435,4508,,,,,
처음 느낌 그대로,이소라,2025.10.24,19.241,4345,,,,,
처음 느낌 그대로,이소라,2025.10.25,18.242,3667,,,,,
처음 느낌 그대로,이소라,2025.10.26,18.329,3888,,,,,
처음 느낌 그대로,이소라,2025.10.27,17.81,3903,,,,,
처음 느낌 그대로,이소라,2025.10.28,18.064,3838,한림예고 남자 발라드 보컬 당신의 취향은?,"267,200","6,074",160,오리지널
처음 느낌 그대로,이소라,2025.10.29,15.928,3494,,,,,
처음 느낌 그대로,이소라,2025.10.30,15.804,3431,,,,,
처음 느낌 그대로,이소라,2025.10.31,15.551,3440,,,,,
처음 느낌 그대로,이소라,2025.11.1,19.166,3603,,,,,
처음 느낌 그대로,이소라,2025.11.2,18.529,3806,,,,,
처음 느낌 그대로,이소라,2025.11.3,18.286,3772,,,,,
처음 느낌 그대로,이소라,2025.11.4,17.844,3735,,,,,
처음 느낌 그대로,이소라,2025.11.5,19.042,3908,,,,,
처음 느낌 그대로,이소라,2025.11.6,18.606,4043,,,,,
처음 느낌 그대로,이소라,2025.11.7,18.219,3986,,,,,
처음 느낌 그대로,이소라,2025.11.8,18.229,3447,,,,,
처음 느낌 그대로,이소라,2025.11.9,20.349,3880,,,,,
처음 느낌 그대로,이소라,2025.11.10,23.469,4835,,,,,
처음 느낌 그대로,이소라,2025.11.11,28.518,5884,,,,,
처음 느낌 그대로,이소라,2025.11.12,28.024,5767,,,,,
처음 느낌 그대로,이소라,2025.11.13,25.401,5574,,,,,
처음 느낌 그대로,이소라,2025.11.14,25.622,5669,,,,,
처음 느낌 그대로,이소라,2025.11.15,26.66,5064,,,,,
처음 느낌 그대로,이소라,2025.11.16,26.345,5122,,,,,
처음 느낌 그대로,이소라,2025.11.17,25.702,5497,,,,,
처음 느낌 그대로,이소라,2025.11.18,29.456,6260,,,,,
처음 느낌 그대로,이소라,2025.11.19,24.728,5303,,,,,
처음 느낌 그대로,이소라,2025.11.20,23.455,5109,,,,,
처음 느낌 그대로,이소라,2025.11.21,21.307,4787,,,,,
처음 느낌 그대로,이소라,2025.11.22,21.801,4189,,,,,
처음 느낌 그대로,이소라,2025.11.23,20.324,4151,,,,,
처음 느낌 그대로,이소라,2025.11.24,22.361,4852,,,,,
처음 느낌 그대로,이소라,2025.11.25,22.483,4819,,,,,
처음 느낌 그대로,이소라,2025.11.26,22.682,4840,,,,,
처음 느낌 그대로,이소라,2025.11.27,23.155,5091,,,,,
처음 느낌 그대로,이소라,2025.11.28,23.494,5133,,,,,
처음 느낌 그대로,이소라,2025.11.29,21.644,4150,,,,,
처음 느낌 그대로,이소라,2025.11.30,23.015,4488,,,,,
처음 느낌 그대로,이소라,2025.12.1,21.645,4873,,,,,
처음 느낌 그대로,이소라,2025.12.2,23.985,5232,,,,,
처음 느낌 그대로,이소라,2025.12.3,22.749,5084,,,,,
처음 느낌 그대로,이소라,2025.12.4,23.73,5390,,,,,
처음 느낌 그대로,이소라,2025.12.5,22,4988,,,,,
처음 느낌 그대로,이소라,2025.12.6,21.405,4164,,,,,
처음 느낌 그대로,이소라,2025.12.7,21.402,4456,,,,,
처음 느낌 그대로,이소라,2025.12.8,21.274,4782,,,,,
처음 느낌 그대로,이소라,2025.12.9,23.355,5304,,,,,
처음 느낌 그대로,이소라,2025.12.10,23.654,5133,,,,,
처음 느낌 그대로,이소라,2025.12.11,25.749,5801,,,,,
처음 느낌 그대로,이소라,2025.12.12,27.131,6060,,,,,
처음 느낌 그대로,이소라,2025.12.13,25.77,4840,,,,,
처음 느낌 그대로,이소라,2025.12.14,28.444,5706,,,,,
처음 느낌 그대로,이소라,2025.12.15,31.888,6924,,,,,
처음 느낌 그대로,이소라,2025.12.16,31.084,6735,,,,,
처음 느낌 그대로,이소라,2025.12.17,29.296,6462,,,,,
처음 느낌 그대로,이소라,2025.12.18,28.927,6334,,,,,
처음 느낌 그대로,이소라,2025.12.19,26.505,5878,,,,,
처음 느낌 그대로,이소라,2025.12.20,25.946,4880,,,,,
처음 느낌 그대로,이소라,2025.12.21,25.887,5090,,,,,
처음 느낌 그대로,이소라,2025.12.22,26.22,5595,,,,,
처음 느낌 그대로,이소라,2025.12.23,28.148,6259,,,,,
처음 느낌 그대로,이소라,2025.12.24,24.054,5076,,,,,
처음 느낌 그대로,이소라,2025.12.25,27.34,5260,,,,,
처음 느낌 그대로,이소라,2025.12.26,28.007,5808,,,,,
처음 느낌 그대로,이소라,2025.12.27,28.179,5081,,,,,
처음 느낌 그대로,이소라,2025.12.28,26.794,5283,,,,,
처음 느낌 그대로,이소라,2025.12.29,25.306,5337,,,,,
처음 느낌 그대로,이소라,2025.12.30,25.48,5278,,,,,
처음 느낌 그대로,이소라,2025.12.31,22.398,4385,,,,,
Hello,허각,2025.4.1,178.813,57752,,,,,
Hello,허각,2025.4.2,152.617,52693,,,,,
Hello,허각,2025.4.3,162.03,61319,,,,,
Hello,허각,2025.4.4,163.377,63824,,,,,
Hello,허각,2025.4.5,142.459,70492,,,,,
Hello,허각,2025.4.6,138.054,54400,,,,,
Hello,허각,2025.4.7,137.602,57008,,,,,
Hello,허각,2025.4.8,136.92,57972,,,,,
Hello,허각,2025.4.9,143.085,57939,,,,,
Hello,허각,2025.4.10,145.774,58383,,,,,
Hello,허각,2025.4.11,137.569,57842,,,,,
Hello,허각,2025.4.12,134.146,58094,,,,,
Hello,허각,2025.4.13,135.629,51921,,,,,
Hello,허각,2025.4.14,134.775,51662,,,,,
Hello,허각,2025.4.15,133.999,50567,,,,,
Hello,허각,2025.4.16,133.393,50849,,,,,
Hello,허각,2025.4.17,132.787,55009,,,,,
Hello,허각,2025.4.18,138.269,56376,,,,,
Hello,허각,2025.4.19,136.251,55167,,,,,
Hello,허각,2025.4.20,134.074,54623,,,,,
Hello,허각,2025.4.21,136.291,54137,,,,,
Hello,허각,2025.4.22,133.911,52407,,,,,
Hello,허각,2025.4.23,144.863,56884,,,,,
Hello,허각,2025.4.24,146.743,62627,,,,,
Hello,허각,2025.4.25,171.334,71015,,,,,
Hello,허각,2025.4.26,140.961,57375,,,,,
Hello,허각,2025.4.27,145.051,58414,,,,,
Hello,허각,2025.4.28,153.215,61497,,,,,
Hello,허각,2025.4.29,152.077,61437,,,,,
Hello,허각,2025.4.30,145.793,60196,,,,,
Hello,허각,2025.5.1,156.548,62617,,,,,
Hello,허각,2025.5.2,157.332,61816,,,,,
Hello,허각,2025.5.3,150.554,61626,,,,,
Hello,허각,2025.5.4,167.579,66747,,,,,
Hello,허각,2025.5.5,173.128,67702,,,,,
Hello,허각,2025.5.6,160.349,64426,,,,,
Hello,허각,2025.5.7,155.292,60738,,,,,
Hello,허각,2025.5.8,157.772,61029,,,,,
Hello,허각,2025.5.9,145.842,61839,,,,,
Hello,허각,2025.5.10,175.941,75942,,,,,
Hello,허각,2025.5.11,212.291,85725,,,,,
Hello,허각,2025.5.12,181.773,74348,,,,,
Hello,허각,2025.5.13,179.201,74235,,,,,
Hello,허각,2025.5.14,197.445,75270,,,,,
Hello,허각,2025.5.15,224.037,84149,,,,,
Hello,허각,2025.5.16,194.274,79745,,,,,
Hello,허각,2025.5.17,165.147,66668,,,,,
Hello,허각,2025.5.18,180.108,67311,,,,,
Hello,허각,2025.5.19,185.461,69072,,,,,
Hello,허각,2025.5.20,187.858,69614,,,,,
Hello,허각,2025.5.21,153.623,64786,,,,,
Hello,허각,2025.5.22,144.989,61601,,,,,
Hello,허각,2025.5.23,161.847,70911,,,,,
Hello,허각,2025.5.24,157.899,71639,,,,,
Hello,허각,2025.5.25,185.409,72363,,,,,
Hello,허각,2025.5.26,207.434,75844,,,,,
Hello,허각,2025.5.27,189.567,72715,,,,,
Hello,허각,2025.5.28,195.457,76415,,,,,
Hello,허각,2025.5.29,206.769,79612,,,,,
Hello,허각,2025.5.30,191.52,80576,,,,,
Hello,허각,2025.5.31,158.947,81366,,,,,
Hello,허각,2025.6.1,159.122,79903,,,,,
Hello,허각,2025.6.2,167.428,75498,,,,,
Hello,허각,2025.6.3,160.315,67535,,,,,
Hello,허각,2025.6.4,172.537,68800,,,,,
Hello,허각,2025.6.5,172.614,68923,,,,,
Hello,허각,2025.6.6,181.874,71219,,,,,
Hello,허각,2025.6.7,182.082,69614,,,,,
Hello,허각,2025.6.8,181.013,68344,,,,,
Hello,허각,2025.6.9,202.866,70745,,,,,
Hello,허각,2025.6.10,184.141,66587,,,,,
Hello,허각,2025.6.11,145.133,58692,,,,,
Hello,허각,2025.6.12,139.914,55201,,,,,
Hello,허각,2025.6.13,144.31,58013,,,,,
Hello,허각,2025.6.14,132.416,53601,,,,,
Hello,허각,2025.6.15,140.867,53772,,,,,
Hello,허각,2025.6.16,134.383,51733,,,,,
Hello,허각,2025.6.17,139.986,54072,,,,,
Hello,허각,2025.6.18,126.517,48901,,,,,
Hello,허각,2025.6.19,143.949,53604,,,,,
Hello,허각,2025.6.20,149.338,57990,,,,,
Hello,허각,2025.6.21,141.545,55299,,,,,
Hello,허각,2025.6.22,146.537,51981,,,,,
Hello,허각,2025.6.23,160.844,59082,,,,,
Hello,허각,2025.6.24,193.495,67354,,,,,
Hello,허각,2025.6.25,200.747,69368,,,,,
Hello,허각,2025.6.26,180.599,62872,,,,,
Hello,허각,2025.6.27,150.005,55534,,,,,
Hello,허각,2025.6.28,146.233,51092,,,,,
Hello,허각,2025.6.29,147.527,48576,,,,,
Hello,허각,2025.6.30,140.476,49355,,,,,
Hello,허각,2025.7.1,139.834,50179,,,,,
Hello,허각,2025.7.2,150.649,52186,,,,,
Hello,허각,2025.7.3,142.607,51986,,,,,
Hello,허각,2025.7.4,140.689,52067,,,,,
Hello,허각,2025.7.5,136.868,48313,,,,,
Hello,허각,2025.7.6,131.299,46307,,,,,
Hello,허각,2025.7.7,128.419,47182,,,,,
Hello,허각,2025.7.8,141.02,50166,,,,,
Hello,허각,2025.7.9,151.612,52200,,,,,
Hello,허각,2025.7.10,140.476,52120,,,,,
Hello,허각,2025.7.11,124.557,51490,,,,,
Hello,허각,2025.7.12,127.301,48942,,,,,
Hello,허각,2025.7.13,130.303,42623,,,,,
Hello,허각,2025.7.14,132.944,47939,,,,,
Hello,허각,2025.7.15,138.999,52274,,,,,
Hello,허각,2025.7.16,153.344,50613,,,,,
Hello,허각,2025.7.17,139.93,46970,,,,,
Hello,허각,2025.7.18,165.7,51495,,,,,
Hello,허각,2025.7.19,149.138,47198,,,,,
Hello,허각,2025.7.20,136.651,43815,,,,,
Hello,허각,2025.7.21,122.79,42422,,,,,
Hello,허각,2025.7.22,121.19,44390,,,,,
Hello,허각,2025.7.23,126.087,41846,,,,,
Hello,허각,2025.7.24,121.39,61411,,,,,
Hello,허각,2025.7.25,117.447,40460,,,,,
Hello,허각,2025.7.26,110.778,37457,,,,,
Hello,허각,2025.7.27,112.904,56133,,,,,
Hello,허각,2025.7.28,109.231,57124,,,,,
Hello,허각,2025.7.29,115.629,57469,,,,,
Hello,허각,2025.7.30,127.305,60127,,,,,
Hello,허각,2025.7.31,128.218,57647,,,,,
Hello,허각,2025.8.1,117.64,54940,,,,,
Hello,허각,2025.8.2,116.371,52930,,,,,
Hello,허각,2025.8.3,115.78,54516,,,,,
Hello,허각,2025.8.4,114.976,57175,,,,,
Hello,허각,2025.8.5,120.186,57973,,,,,
Hello,허각,2025.8.6,134.498,57992,,,,,
Hello,허각,2025.8.7,144.551,57791,,,,,
Hello,허각,2025.8.8,136.608,60190,,,,,
Hello,허각,2025.8.9,134.888,59888,,,,,
Hello,허각,2025.8.10,176.987,70199,,,,,
Hello,허각,2025.8.11,182.542,72740,,,,,
Hello,허각,2025.8.12,171.441,70551,,,,,
Hello,허각,2025.8.13,165.45,68396,,,,,
Hello,허각,2025.8.14,145.085,64578,,,,,
Hello,허각,2025.8.15,154.84,75173,,,,,
Hello,허각,2025.8.16,153.378,70332,,,,,
Hello,허각,2025.8.17,157.084,65304,,,,,
Hello,허각,2025.8.18,150.991,64473,,,,,
Hello,허각,2025.8.19,149.055,65427,,,,,
Hello,허각,2025.8.20,152.194,66123,,,,,
Hello,허각,2025.8.21,129.415,54011,,,,,
Hello,허각,2025.8.22,227.763,81611,,,,,
Hello,허각,2025.8.23,118.934,41948,,,,,
Hello,허각,2025.8.24,266.591,86548,,,,,
Hello,허각,2025.8.25,138.109,44961,,,,,
Hello,허각,2025.8.26,265.255,89368,,,,,
Hello,허각,2025.8.27,266.197,88637,,,,,
Hello,허각,2025.8.28,256.24,83896,,,,,
Hello,허각,2025.8.29,291.009,97349,,,,,
Hello,허각,2025.8.30,281.309,94068,,,,,
Hello,허각,2025.8.31,137.472,50466,,,,,
Hello,허각,2025.9.1,138.103,52173,,,,,
Hello,허각,2025.9.2,148.108,51778,,,,,
Hello,허각,2025.9.3,140.503,45962,,,,,
Hello,허각,2025.9.4,142.414,47577,,,,,
Hello,허각,2025.9.5,142.574,53591,,,,,
Hello,허각,2025.9.6,146.332,55163,,,,,
Hello,허각,2025.9.7,134.96,53338,,,,,
Hello,허각,2025.9.8,134.933,45874,,,,,
Hello,허각,2025.9.9,144.751,47506,,,,,
Hello,허각,2025.9.10,145.69,46599,,,,,
Hello,허각,2025.9.11,148.489,47947,,,,,
Hello,허각,2025.9.12,148.374,48432,,,,,
Hello,허각,2025.9.13,168.713,50025,,,,,
Hello,허각,2025.9.14,169.99,52735,,,,,
Hello,허각,2025.9.15,149.358,49440,,,,,
Hello,허각,2025.9.16,145.294,48884,,,,,
Hello,허각,2025.9.17,149.774,48222,,,,,
Hello,허각,2025.9.18,144.353,49382,,,,,
Hello,허각,2025.9.19,150.383,51038,,,,,
Hello,허각,2025.9.20,154.039,49766,,,,,
Hello,허각,2025.9.21,150.092,49040,,,,,
Hello,허각,2025.9.22,147.78,50013,,,,,
Hello,허각,2025.9.23,145.98,49032,,,,,
Hello,허각,2025.9.24,159.48,49920,,,,,
Hello,허각,2025.9.25,167.693,54702,,,,,
Hello,허각,2025.9.26,154.168,56458,,,,,
Hello,허각,2025.9.27,155.072,48312,,,,,
Hello,허각,2025.9.28,170.762,50667,,,,,
Hello,허각,2025.9.29,176.945,52980,,,,,
Hello,허각,2025.9.30,185.863,54060,,,,,
Hello,허각,2025.10.1,209.643,64023,,,,,
Hello,허각,2025.10.2,183.817,58752,,,,,
Hello,허각,2025.10.3,148.796,49922,,,,,
Hello,허각,2025.10.4,143.921,47006,,,,,
Hello,허각,2025.10.5,169.357,48886,,,,,
Hello,허각,2025.10.6,248.277,60502,,,,,
Hello,허각,2025.10.7,224.981,60450,,,,,
Hello,허각,2025.10.8,199.124,55472,,,,,
Hello,허각,2025.10.9,178.34,52598,,,,,
Hello,허각,2025.10.10,147.773,45770,,,,,
Hello,허각,2025.10.11,130.129,41867,,,,,
Hello,허각,2025.10.12,140.86,44194,,,,,
Hello,허각,2025.10.13,135.959,42297,,,,,
Hello,허각,2025.10.14,126.781,41507,,,,,
Hello,허각,2025.10.15,126.956,41123,,,,,
Hello,허각,2025.10.16,129.523,44341,,,,,
Hello,허각,2025.10.17,145.509,47449,,,,,
Hello,허각,2025.10.18,137.546,43526,,,,,
Hello,허각,2025.10.19,134.823,42870,,,,,
Hello,허각,2025.10.20,132.369,43666,,,,,
Hello,허각,2025.10.21,133.284,43405,,,,,
Hello,허각,2025.10.22,132.546,43583,,,,,
Hello,허각,2025.10.23,132.303,43486,,,,,
Hello,허각,2025.10.24,131.565,44221,,,,,
Hello,허각,2025.10.25,130.355,41531,,,,,
Hello,허각,2025.10.26,129.79,42025,,,,,
Hello,허각,2025.10.27,131.698,41831,,,,,
Hello,허각,2025.10.28,140.265,44106,한림예고 남자 발라드 보컬 당신의 취향은?,"267,200","6,074",160,오리지널
Hello,허각,2025.10.29,152.357,46050,,,,,
Hello,허각,2025.10.30,150.814,47778,,,,,
Hello,허각,2025.10.31,122.919,42546,,,,,
Hello,허각,2025.11.1,208.943,56675,,,,,
Hello,허각,2025.11.2,227.768,62329,,,,,
Hello,허각,2025.11.3,205.927,57172,,,,,
Hello,허각,2025.11.4,186.899,54667,,,,,
Hello,허각,2025.11.5,170.189,49773,,,,,
Hello,허각,2025.11.6,153.981,48982,,,,,
Hello,허각,2025.11.7,149.344,47377,,,,,
Hello,허각,2025.11.8,142.161,46457,,,,,
Hello,허각,2025.11.9,133.983,39674,,,,,
Hello,허각,2025.11.10,140.609,42928,,,,,
Hello,허각,2025.11.11,146.909,44773,,,,,
Hello,허각,2025.11.12,133.76,41096,,,,,
Hello,허각,2025.11.13,143.899,42875,,,,,
Hello,허각,2025.11.14,154.274,51105,,,,,
Hello,허각,2025.11.15,142.477,59475,,,,,
Hello,허각,2025.11.16,144.799,63481,,,,,
Hello,허각,2025.11.17,149.496,68437,,,,,
Hello,허각,2025.11.18,146.96,65779,,,,,
Hello,허각,2025.11.19,327.738,129629,,,,,
Hello,허각,2025.11.20,313.597,128561,,,,,
Hello,허각,2025.11.21,159.89,65329,,,,,
Hello,허각,2025.11.22,160.233,58803,,,,,
Hello,허각,2025.11.23,152.35,58746,,,,,
Hello,허각,2025.11.24,155.471,60983,,,,,
Hello,허각,2025.11.25,325.392,123469,,,,,
Hello,허각,2025.11.26,165.192,61832,,,,,
Hello,허각,2025.11.27,161.561,58460,,,,,
Hello,허각,2025.11.28,158.575,56437,,,,,
Hello,허각,2025.11.29,144.452,50951,,,,,
Hello,허각,2025.11.30,138.167,49007,,,,,
Hello,허각,2025.12.1,133.319,53172,,,,,
Hello,허각,2025.12.2,134.402,52512,,,,,
Hello,허각,2025.12.3,137.739,53489,,,,,
Hello,허각,2025.12.4,136.527,53703,,,,,
Hello,허각,2025.12.5,138.619,52904,,,,,
Hello,허각,2025.12.6,143.205,52439,,,,,
Hello,허각,2025.12.7,136.486,50545,,,,,
Hello,허각,2025.12.8,142.964,47659,,,,,
Hello,허각,2025.12.9,136.439,42168,,,,,
Hello,허각,2025.12.10,144.047,43328,,,,,
Hello,허각,2025.12.11,144.928,43781,,,,,
Hello,허각,2025.12.12,146.132,44307,,,,,
Hello,허각,2025.12.13,146.647,40950,,,,,
Hello,허각,2025.12.14,146.121,41666,,,,,
Hello,허각,2025.12.15,149.08,44614,,,,,
Hello,허각,2025.12.16,151.115,44215,,,,,
Hello,허각,2025.12.17,148.626,43942,,,,,
Hello,허각,2025.12.18,161.899,54447,,,,,
Hello,허각,2025.12.19,175.963,59145,,,,,
Hello,허각,2025.12.20,158.004,46784,,,,,
Hello,허각,2025.12.21,157.281,42858,,,,,
Hello,허각,2025.12.22,154.909,44532,,,,,
Hello,허각,2025.12.23,159.676,45535,,,,,
Hello,허각,2025.12.24,153.193,41287,,,,,
Hello,허각,2025.12.25,154.737,40952,,,,,
Hello,허각,2025.12.26,155.249,45567,,,,,
Hello,허각,2025.12.27,155.447,42163,,,,,
Hello,허각,2025.12.28,157.75,43602,,,,,
Hello,허각,2025.12.29,155.864,44669,,,,,
Hello,허각,2025.12.30,156.652,44915,,,,,
Hello,허각,2025.12.31,148.811,40595,,,,,
하늘바라기 (Feat. 하림),정은지,2025.4.1,253.585,127428,,,,,
하늘바라기 (Feat. 하림),정은지,2025.4.2,239.221,118840,,,,,
하늘바라기 (Feat. 하림),정은지,2025.4.3,246.564,116581,,,,,
하늘바라기 (Feat. 하림),정은지,2025.4.4,245.501,115441,,,,,
하늘바라기 (Feat. 하림),정은지,2025.4.5,278.776,125720,,,,,
하늘바라기 (Feat. 하림),정은지,2025.4.6,263.875,117940,,,,,
하늘바라기 (Feat. 하림),정은지,2025.4.7,259.769,105050,,,,,
하늘바라기 (Feat. 하림),정은지,2025.4.8,276.219,108378,,,,,
하늘바라기 (Feat. 하림),정은지,2025.4.9,267.752,101141,,,,,
하늘바라기 (Feat. 하림),정은지,2025.4.10,262.392,116384,,,,,
하늘바라기 (Feat. 하림),정은지,2025.4.11,261.354,124659,,,,,
하늘바라기 (Feat. 하림),정은지,2025.4.12,229.955,105008,,,,,
하늘바라기 (Feat. 하림),정은지,2025.4.13,220.604,99676,,,,,
하늘바라기 (Feat. 하림),정은지,2025.4.14,219.796,95078,,,,,
하늘바라기 (Feat. 하림),정은지,2025.4.15,227.383,105695,,,,,
하늘바라기 (Feat. 하림),정은지,2025.4.16,226.036,102371,,,,,
하늘바라기 (Feat. 하림),정은지,2025.4.17,226.65,85915,,,,,
하늘바라기 (Feat. 하림),정은지,2025.4.18,241.45,86206,,,,,
하늘바라기 (Feat. 하림),정은지,2025.4.19,233.57,81498,,,,,
하늘바라기 (Feat. 하림),정은지,2025.4.20,219.141,76815,,,,,
하늘바라기 (Feat. 하림),정은지,2025.4.21,208.003,74038,,,,,
하늘바라기 (Feat. 하림),정은지,2025.4.22,218.609,81455,,,,,
하늘바라기 (Feat. 하림),정은지,2025.4.23,221.455,77590,,,,,
하늘바라기 (Feat. 하림),정은지,2025.4.24,222.295,77630,,,,,
하늘바라기 (Feat. 하림),정은지,2025.4.25,218.47,79139,,,,,
하늘바라기 (Feat. 하림),정은지,2025.4.26,223.412,80810,,,,,
하늘바라기 (Feat. 하림),정은지,2025.4.27,220.183,75829,,,,,
하늘바라기 (Feat. 하림),정은지,2025.4.28,207.752,83863,,,,,
하늘바라기 (Feat. 하림),정은지,2025.4.29,196.519,74777,,,,,
하늘바라기 (Feat. 하림),정은지,2025.4.30,193.062,76367,,,,,
하늘바라기 (Feat. 하림),정은지,2025.5.1,217.495,108995,,,,,
하늘바라기 (Feat. 하림),정은지,2025.5.2,222.287,85641,,,,,
하늘바라기 (Feat. 하림),정은지,2025.5.3,221.681,74483,,,,,
하늘바라기 (Feat. 하림),정은지,2025.5.4,220.343,76258,,,,,
하늘바라기 (Feat. 하림),정은지,2025.5.5,203.507,71192,,,,,
하늘바라기 (Feat. 하림),정은지,2025.5.6,199.79,87913,,,,,
하늘바라기 (Feat. 하림),정은지,2025.5.7,229.181,79085,,,,,
하늘바라기 (Feat. 하림),정은지,2025.5.8,205.289,71569,,,,,
하늘바라기 (Feat. 하림),정은지,2025.5.9,197.901,82795,,,,,
하늘바라기 (Feat. 하림),정은지,2025.5.10,219.314,78935,,,,,
하늘바라기 (Feat. 하림),정은지,2025.5.11,276.549,97858,,,,,
하늘바라기 (Feat. 하림),정은지,2025.5.12,258.349,91488,,,,,
하늘바라기 (Feat. 하림),정은지,2025.5.13,237.873,83825,,,,,
하늘바라기 (Feat. 하림),정은지,2025.5.14,248.98,83215,,,,,
하늘바라기 (Feat. 하림),정은지,2025.5.15,270.7,92777,,,,,
하늘바라기 (Feat. 하림),정은지,2025.5.16,226.37,80257,,,,,
하늘바라기 (Feat. 하림),정은지,2025.5.17,189.264,64724,,,,,
하늘바라기 (Feat. 하림),정은지,2025.5.18,174.941,60521,,,,,
하늘바라기 (Feat. 하림),정은지,2025.5.19,172.289,55601,,,,,
하늘바라기 (Feat. 하림),정은지,2025.5.20,176.386,59134,,,,,
하늘바라기 (Feat. 하림),정은지,2025.5.21,167.057,58564,,,,,
하늘바라기 (Feat. 하림),정은지,2025.5.22,162.63,54257,,,,,
하늘바라기 (Feat. 하림),정은지,2025.5.23,170.62,62891,,,,,
하늘바라기 (Feat. 하림),정은지,2025.5.24,166.699,58802,,,,,
하늘바라기 (Feat. 하림),정은지,2025.5.25,159.707,58341,,,,,
하늘바라기 (Feat. 하림),정은지,2025.5.26,152.533,54782,,,,,
하늘바라기 (Feat. 하림),정은지,2025.5.27,157.022,57884,,,,,
하늘바라기 (Feat. 하림),정은지,2025.5.28,152.787,58054,,,,,
하늘바라기 (Feat. 하림),정은지,2025.5.29,153.059,57005,,,,,
하늘바라기 (Feat. 하림),정은지,2025.5.30,162.358,58477,,,,,
하늘바라기 (Feat. 하림),정은지,2025.5.31,157.259,55840,,,,,
하늘바라기 (Feat. 하림),정은지,2025.6.1,143.589,51397,,,,,
하늘바라기 (Feat. 하림),정은지,2025.6.2,140.449,52175,,,,,
하늘바라기 (Feat. 하림),정은지,2025.6.3,147.723,55070,,,,,
하늘바라기 (Feat. 하림),정은지,2025.6.4,152.395,55441,,,,,
하늘바라기 (Feat. 하림),정은지,2025.6.5,150.343,55685,,,,,
하늘바라기 (Feat. 하림),정은지,2025.6.6,143.57,48053,,,,,
하늘바라기 (Feat. 하림),정은지,2025.6.7,134.089,45844,,,,,
하늘바라기 (Feat. 하림),정은지,2025.6.8,131.342,43778,,,,,
하늘바라기 (Feat. 하림),정은지,2025.6.9,132.502,43672,,,,,
하늘바라기 (Feat. 하림),정은지,2025.6.10,140.888,43668,,,,,
하늘바라기 (Feat. 하림),정은지,2025.6.11,137.165,45064,,,,,
하늘바라기 (Feat. 하림),정은지,2025.6.12,135.388,65392,,,,,
하늘바라기 (Feat. 하림),정은지,2025.6.13,136.562,49120,,,,,
하늘바라기 (Feat. 하림),정은지,2025.6.14,133.633,44647,,,,,
하늘바라기 (Feat. 하림),정은지,2025.6.15,129.694,43034,,,,,
하늘바라기 (Feat. 하림),정은지,2025.6.16,124.783,41109,,,,,
하늘바라기 (Feat. 하림),정은지,2025.6.17,121.309,39894,,,,,
하늘바라기 (Feat. 하림),정은지,2025.6.18,115.079,36380,,,,,
하늘바라기 (Feat. 하림),정은지,2025.6.19,119.76,37220,,,,,
하늘바라기 (Feat. 하림),정은지,2025.6.20,128.853,40883,,,,,
하늘바라기 (Feat. 하림),정은지,2025.6.21,131.69,42782,,,,,
하늘바라기 (Feat. 하림),정은지,2025.6.22,131.407,42146,,,,,
하늘바라기 (Feat. 하림),정은지,2025.6.23,122.255,38706,,,,,
하늘바라기 (Feat. 하림),정은지,2025.6.24,110.918,34480,,,,,
하늘바라기 (Feat. 하림),정은지,2025.6.25,117.043,36167,,,,,
하늘바라기 (Feat. 하림),정은지,2025.6.26,122.891,37627,,,,,
하늘바라기 (Feat. 하림),정은지,2025.6.27,115.459,35454,,,,,
하늘바라기 (Feat. 하림),정은지,2025.6.28,118.459,40461,,,,,
하늘바라기 (Feat. 하림),정은지,2025.6.29,122.608,37527,,,,,
하늘바라기 (Feat. 하림),정은지,2025.6.30,117.915,38153,,,,,
하늘바라기 (Feat. 하림),정은지,2025.7.1,117.9,40042,,,,,
하늘바라기 (Feat. 하림),정은지,2025.7.2,123.345,35642,,,,,
하늘바라기 (Feat. 하림),정은지,2025.7.3,124.539,37903,,,,,
하늘바라기 (Feat. 하림),정은지,2025.7.4,124.728,37124,,,,,
하늘바라기 (Feat. 하림),정은지,2025.7.5,122.323,39506,,,,,
하늘바라기 (Feat. 하림),정은지,2025.7.6,111.343,33882,,,,,
하늘바라기 (Feat. 하림),정은지,2025.7.7,110.375,33971,,,,,
하늘바라기 (Feat. 하림),정은지,2025.7.8,112.198,36176,,,,,
하늘바라기 (Feat. 하림),정은지,2025.7.9,113.557,34165,,,,,
하늘바라기 (Feat. 하림),정은지,2025.7.10,104.789,36826,,,,,
하늘바라기 (Feat. 하림),정은지,2025.7.11,103.823,33187,,,,,
하늘바라기 (Feat. 하림),정은지,2025.7.12,105.374,32161,,,,,
하늘바라기 (Feat. 하림),정은지,2025.7.13,105.72,33074,,,,,
하늘바라기 (Feat. 하림),정은지,2025.7.14,100.291,31711,,,,,
하늘바라기 (Feat. 하림),정은지,2025.7.15,99.933,35257,,,,,
하늘바라기 (Feat. 하림),정은지,2025.7.16,98.702,34687,,,,,
하늘바라기 (Feat. 하림),정은지,2025.7.17,96.844,38687,,,,,
하늘바라기 (Feat. 하림),정은지,2025.7.18,95.098,30751,,,,,
하늘바라기 (Feat. 하림),정은지,2025.7.19,102.771,33809,,,,,
하늘바라기 (Feat. 하림),정은지,2025.7.20,111.532,34665,,,,,
하늘바라기 (Feat. 하림),정은지,2025.7.21,105.544,33800,,,,,
하늘바라기 (Feat. 하림),정은지,2025.7.22,106.972,35816,,,,,
하늘바라기 (Feat. 하림),정은지,2025.7.23,104.72,34938,,,,,
하늘바라기 (Feat. 하림),정은지,2025.7.24,102.581,36512,,,,,
하늘바라기 (Feat. 하림),정은지,2025.7.25,97.678,31593,,,,,
하늘바라기 (Feat. 하림),정은지,2025.7.26,97.854,29506,,,,,
하늘바라기 (Feat. 하림),정은지,2025.7.27,100.273,33340,,,,,
하늘바라기 (Feat. 하림),정은지,2025.7.28,103.171,33700,,,,,
하늘바라기 (Feat. 하림),정은지,2025.7.29,108.472,35167,,,,,
하늘바라기 (Feat. 하림),정은지,2025.7.30,105.992,33189,,,,,
하늘바라기 (Feat. 하림),정은지,2025.7.31,103.351,37571,,,,,
하늘바라기 (Feat. 하림),정은지,2025.8.1,95.621,30902,,,,,
하늘바라기 (Feat. 하림),정은지,2025.8.2,97.497,29655,,,,,
하늘바라기 (Feat. 하림),정은지,2025.8.3,99.146,35826,,,,,
하늘바라기 (Feat. 하림),정은지,2025.8.4,96.5,37172,,,,,
하늘바라기 (Feat. 하림),정은지,2025.8.5,95.848,34954,,,,,
하늘바라기 (Feat. 하림),정은지,2025.8.6,97.862,34368,,,,,
하늘바라기 (Feat. 하림),정은지,2025.8.7,102.785,34811,,,,,
하늘바라기 (Feat. 하림),정은지,2025.8.8,100.302,36206,,,,,
하늘바라기 (Feat. 하림),정은지,2025.8.9,96.027,32642,,,,,
하늘바라기 (Feat. 하림),정은지,2025.8.10,94.021,32401,,,,,
하늘바라기 (Feat. 하림),정은지,2025.8.11,97.305,40882,,,,,
하늘바라기 (Feat. 하림),정은지,2025.8.12,97.829,39460,,,,,
하늘바라기 (Feat. 하림),정은지,2025.8.13,97.656,35957,,,,,
하늘바라기 (Feat. 하림),정은지,2025.8.14,100.426,34055,,,,,
하늘바라기 (Feat. 하림),정은지,2025.8.15,99.052,32881,감성 풀충됐어...,"221,000","6,289",43,오리지널
하늘바라기 (Feat. 하림),정은지,2025.8.16,98.488,33029,,,,,
하늘바라기 (Feat. 하림),정은지,2025.8.17,96.467,33392,,,,,
하늘바라기 (Feat. 하림),정은지,2025.8.18,101.449,38895,,,,,
하늘바라기 (Feat. 하림),정은지,2025.8.19,102.206,39796,,,,,
하늘바라기 (Feat. 하림),정은지,2025.8.20,98.714,34995,,,,,
하늘바라기 (Feat. 하림),정은지,2025.8.21,97.988,35032,,,,,
하늘바라기 (Feat. 하림),정은지,2025.8.22,198.99,69214,,,,,
하늘바라기 (Feat. 하림),정은지,2025.8.23,105.243,33829,,,,,
하늘바라기 (Feat. 하림),정은지,2025.8.24,210.799,68062,,,,,
하늘바라기 (Feat. 하림),정은지,2025.8.25,112.281,36839,,,,,
하늘바라기 (Feat. 하림),정은지,2025.8.26,226.97,76409,,,,,
하늘바라기 (Feat. 하림),정은지,2025.8.27,215.028,71575,,,,,
하늘바라기 (Feat. 하림),정은지,2025.8.28,231.963,72638,,,,,
하늘바라기 (Feat. 하림),정은지,2025.8.29,226.85,76397,,,,,
하늘바라기 (Feat. 하림),정은지,2025.8.30,233.182,73051,,,,,
하늘바라기 (Feat. 하림),정은지,2025.8.31,105.193,33030,,,,,
하늘바라기 (Feat. 하림),정은지,2025.9.1,107.95,36856,,,,,
하늘바라기 (Feat. 하림),정은지,2025.9.2,114.206,36647,,,,,
하늘바라기 (Feat. 하림),정은지,2025.9.3,116.164,36337,,,,,
하늘바라기 (Feat. 하림),정은지,2025.9.4,113.542,39783,,,,,
하늘바라기 (Feat. 하림),정은지,2025.9.5,113.207,38175,,,,,
하늘바라기 (Feat. 하림),정은지,2025.9.6,111.854,34931,,,,,
하늘바라기 (Feat. 하림),정은지,2025.9.7,109.781,34053,,,,,
하늘바라기 (Feat. 하림),정은지,2025.9.8,113.076,35229,,,,,
하늘바라기 (Feat. 하림),정은지,2025.9.9,119.382,38577,,,,,
하늘바라기 (Feat. 하림),정은지,2025.9.10,115.727,35508,,,,,
하늘바라기 (Feat. 하림),정은지,2025.9.11,115.667,39098,,,,,
하늘바라기 (Feat. 하림),정은지,2025.9.12,109.958,35684,,,,,
하늘바라기 (Feat. 하림),정은지,2025.9.13,122.553,34976,,,,,
하늘바라기 (Feat. 하림),정은지,2025.9.14,126.824,36803,,,,,
하늘바라기 (Feat. 하림),정은지,2025.9.15,115.188,35176,,,,,
하늘바라기 (Feat. 하림),정은지,2025.9.16,113.901,34977,,,,,
하늘바라기 (Feat. 하림),정은지,2025.9.17,114.796,34489,,,,,
하늘바라기 (Feat. 하림),정은지,2025.9.18,113.689,37486,,,,,
하늘바라기 (Feat. 하림),정은지,2025.9.19,114.366,37433,,,,,
하늘바라기 (Feat. 하림),정은지,2025.9.20,120.199,37832,,,,,
하늘바라기 (Feat. 하림),정은지,2025.9.21,121.859,38556,,,,,
하늘바라기 (Feat. 하림),정은지,2025.9.22,122.717,42529,,,,,
하늘바라기 (Feat. 하림),정은지,2025.9.23,123.459,43653,,,,,
하늘바라기 (Feat. 하림),정은지,2025.9.24,135.23,41362,,,,,
하늘바라기 (Feat. 하림),정은지,2025.9.25,134.132,40427,,,,,
하늘바라기 (Feat. 하림),정은지,2025.9.26,133.729,40574,,,,,
하늘바라기 (Feat. 하림),정은지,2025.9.27,137.934,41818,,,,,
하늘바라기 (Feat. 하림),정은지,2025.9.28,134.015,40321,,,,,
하늘바라기 (Feat. 하림),정은지,2025.9.29,134.203,39763,,,,,
하늘바라기 (Feat. 하림),정은지,2025.9.30,137.4,51736,,,,,
하늘바라기 (Feat. 하림),정은지,2025.10.1,124.961,46878,,,,,
하늘바라기 (Feat. 하림),정은지,2025.10.2,120.444,43258,,,,,
하늘바라기 (Feat. 하림),정은지,2025.10.3,123.577,46455,,,,,
하늘바라기 (Feat. 하림),정은지,2025.10.4,128.356,45767,,,,,
하늘바라기 (Feat. 하림),정은지,2025.10.5,130.446,44254,,,,,
하늘바라기 (Feat. 하림),정은지,2025.10.6,121.755,40670,,,,,
하늘바라기 (Feat. 하림),정은지,2025.10.7,119.893,44564,,,,,
하늘바라기 (Feat. 하림),정은지,2025.10.8,120.645,56943,,,,,
하늘바라기 (Feat. 하림),정은지,2025.10.9,113.352,52786,,,,,
하늘바라기 (Feat. 하림),정은지,2025.10.10,110.277,49930,,,,,
하늘바라기 (Feat. 하림),정은지,2025.10.11,106.776,70977,,,,,
하늘바라기 (Feat. 하림),정은지,2025.10.12,105.163,108736,,,,,
하늘바라기 (Feat. 하림),정은지,2025.10.13,100.243,84951,,,,,
하늘바라기 (Feat. 하림),정은지,2025.10.14,103.239,60356,,,,,
하늘바라기 (Feat. 하림),정은지,2025.10.15,107.076,51507,,,,,
하늘바라기 (Feat. 하림),정은지,2025.10.16,104.782,44287,,,,,
하늘바라기 (Feat. 하림),정은지,2025.10.17,106.232,46551,,,,,
하늘바라기 (Feat. 하림),정은지,2025.10.18,109.357,42412,,,,,
하늘바라기 (Feat. 하림),정은지,2025.10.19,106.988,38825,,,,,
하늘바라기 (Feat. 하림),정은지,2025.10.20,108.771,39841,,,,,
하늘바라기 (Feat. 하림),정은지,2025.10.21,110.995,40826,,,,,
하늘바라기 (Feat. 하림),정은지,2025.10.22,115.429,41680,,,,,
하늘바라기 (Feat. 하림),정은지,2025.10.23,116.511,39758,,,,,
하늘바라기 (Feat. 하림),정은지,2025.10.24,114.162,39619,,,,,
하늘바라기 (Feat. 하림),정은지,2025.10.25,119.976,41439,,,,,
하늘바라기 (Feat. 하림),정은지,2025.10.26,119.453,40390,,,,,
하늘바라기 (Feat. 하림),정은지,2025.10.27,105.373,36907,,,,,
하늘바라기 (Feat. 하림),정은지,2025.10.28,107.878,34505,,,,,
하늘바라기 (Feat. 하림),정은지,2025.10.29,108.743,35494,,,,,
하늘바라기 (Feat. 하림),정은지,2025.10.30,108.562,35341,,,,,
하늘바라기 (Feat. 하림),정은지,2025.10.31,101.844,34302,,,,,
하늘바라기 (Feat. 하림),정은지,2025.11.1,107.306,36436,,,,,
하늘바라기 (Feat. 하림),정은지,2025.11.2,103.811,33971,,,,,
하늘바라기 (Feat. 하림),정은지,2025.11.3,99.74,32932,,,,,
하늘바라기 (Feat. 하림),정은지,2025.11.4,101.806,34934,,,,,
하늘바라기 (Feat. 하림),정은지,2025.11.5,102.042,32146,,,,,
하늘바라기 (Feat. 하림),정은지,2025.11.6,98.035,53845,,,,,
하늘바라기 (Feat. 하림),정은지,2025.11.7,102.067,60229,,,,,
하늘바라기 (Feat. 하림),정은지,2025.11.8,105.482,41000,,,,,
하늘바라기 (Feat. 하림),정은지,2025.11.9,104.195,40985,,,,,
하늘바라기 (Feat. 하림),정은지,2025.11.10,104.391,35574,,,,,
하늘바라기 (Feat. 하림),정은지,2025.11.11,104.487,38644,,,,,
하늘바라기 (Feat. 하림),정은지,2025.11.12,98.254,38373,,,,,
하늘바라기 (Feat. 하림),정은지,2025.11.13,114.73,37379,,,,,
하늘바라기 (Feat. 하림),정은지,2025.11.14,115.07,36957,,,,,
하늘바라기 (Feat. 하림),정은지,2025.11.15,117.026,39633,,,,,
하늘바라기 (Feat. 하림),정은지,2025.11.16,110.986,31547,,,,,
하늘바라기 (Feat. 하림),정은지,2025.11.17,107.949,32797,,,,,
하늘바라기 (Feat. 하림),정은지,2025.11.18,103.993,91635,,,,,
하늘바라기 (Feat. 하림),정은지,2025.11.19,214.083,76155,,,,,
하늘바라기 (Feat. 하림),정은지,2025.11.20,141.242,48646,,,,,
하늘바라기 (Feat. 하림),정은지,2025.11.21,108.307,37946,,,,,
하늘바라기 (Feat. 하림),정은지,2025.11.22,108.198,42885,,,,,
하늘바라기 (Feat. 하림),정은지,2025.11.23,110.303,39733,,,,,
하늘바라기 (Feat. 하림),정은지,2025.11.24,112.097,42253,,,,,
하늘바라기 (Feat. 하림),정은지,2025.11.25,224.869,73661,,,,,
하늘바라기 (Feat. 하림),정은지,2025.11.26,113.852,34943,,,,,
하늘바라기 (Feat. 하림),정은지,2025.11.27,119.313,35121,,,,,
하늘바라기 (Feat. 하림),정은지,2025.11.28,123.559,49643,,,,,
하늘바라기 (Feat. 하림),정은지,2025.11.29,117.253,47367,,,,,
하늘바라기 (Feat. 하림),정은지,2025.11.30,111.702,42018,,,,,
하늘바라기 (Feat. 하림),정은지,2025.12.1,104.972,36146,,,,,
하늘바라기 (Feat. 하림),정은지,2025.12.2,102.129,32649,,,,,
하늘바라기 (Feat. 하림),정은지,2025.12.3,104.083,33977,,,,,
하늘바라기 (Feat. 하림),정은지,2025.12.4,101.303,32964,,,,,
하늘바라기 (Feat. 하림),정은지,2025.12.5,104.111,32382,,,,,
하늘바라기 (Feat. 하림),정은지,2025.12.6,107.843,33736,,,,,
하늘바라기 (Feat. 하림),정은지,2025.12.7,103.709,33088,,,,,
하늘바라기 (Feat. 하림),정은지,2025.12.8,102.923,32090,,,,,
하늘바라기 (Feat. 하림),정은지,2025.12.9,102.536,32964,,,,,
하늘바라기 (Feat. 하림),정은지,2025.12.10,106.949,33244,,,,,
하늘바라기 (Feat. 하림),정은지,2025.12.11,113.056,43654,,,,,
하늘바라기 (Feat. 하림),정은지,2025.12.12,107.424,36354,,,,,
하늘바라기 (Feat. 하림),정은지,2025.12.13,109.587,34515,,,,,
하늘바라기 (Feat. 하림),정은지,2025.12.14,109.735,33494,,,,,
하늘바라기 (Feat. 하림),정은지,2025.12.15,110.1,35621,,,,,
하늘바라기 (Feat. 하림),정은지,2025.12.16,108.195,36631,,,,,
하늘바라기 (Feat. 하림),정은지,2025.12.17,109.144,33793,,,,,
하늘바라기 (Feat. 하림),정은지,2025.12.18,108.29,32186,,,,,
하늘바라기 (Feat. 하림),정은지,2025.12.19,106.391,31548,,,,,
하늘바라기 (Feat. 하림),정은지,2025.12.20,116.233,48471,,,,,
하늘바라기 (Feat. 하림),정은지,2025.12.21,109.05,41015,,,,,
하늘바라기 (Feat. 하림),정은지,2025.12.22,108.798,37103,,,,,
하늘바라기 (Feat. 하림),정은지,2025.12.23,109.609,33888,,,,,
하늘바라기 (Feat. 하림),정은지,2025.12.24,113.101,35767,,,,,
하늘바라기 (Feat. 하림),정은지,2025.12.25,118.328,33704,,,,,
하늘바라기 (Feat. 하림),정은지,2025.12.26,128.189,37860,,,,,
하늘바라기 (Feat. 하림),정은지,2025.12.27,128.987,40127,,,,,
하늘바라기 (Feat. 하림),정은지,2025.12.28,127.504,37201,,,,,
하늘바라기 (Feat. 하림),정은지,2025.12.29,122.34,35995,,,,,
하늘바라기 (Feat. 하림),정은지,2025.12.30,125.491,35930,,,,,
하늘바라기 (Feat. 하림),정은지,2025.12.31,119.194,44593,,,,,